1744763199.2266083,17005.1160829
1744763216.0400734,17023.2801646
1744763245.5624108,17051.8525133
1744763265.7573836,17071.3018575
1744763433.1836662,17239.275067000002
1744763450.918027,17257.017944
1744763469.8388867,17275.5682934
1744763487.9484677,17294.2223108
1744763506.7402203,17312.7916088
1744763524.9373145,17330.609350799998
1744763543.4560304,17349.3532387
1744763561.621918,17367.6940337
1744763578.4642868,17385.738581899997
1744763598.4731708,17403.6587218
1744763616.897433,17423.6165197
1744763635.1133463,17441.547587
1744763653.2400022,17459.588194300002
1744763669.758713,17477.0400254
1744763688.7893221,17495.4451699
1744763706.7254765,17512.5260466
1744763724.6993988,17531.4834212
1744763742.8161807,17549.6498589
1744763760.6053631,17567.5413988
1744763781.6992629,17587.3071796
1744763800.231963,17606.3830502
1744763819.8054795,17625.0482419
1744763837.7697911,17643.8369791
1744763855.6701598,17661.4958644
1744763873.1661422,17679.8836966
1744763892.542354,17699.2105901
1744763909.941962,17717.1488517
1744763926.75643,17733.8157016
1744763944.2515242,17751.199539
1744763962.9218812,17768.7689135
1744763983.2921278,17789.4735089
1744763999.7080376,17806.8997952
1744764017.798717,17823.8386477
1744764036.365125,17841.8449601
1744764054.4749408,17861.1839643
1744764073.1644635,17879.6596939
1744764090.4298594,17897.3464329
1744764108.1250067,17914.7468539
1744764125.9795008,17932.6400527
1744764145.066616,17951.4401612
1744764163.5953948,17970.0349158
1744764181.7270932,17987.9842669
1744764199.6969562,18005.8042349
1744764217.3004773,18023.5756772
1744764237.5693784,18042.835793
1744764254.950708,18061.8211915
1744764271.7598796,18078.6794072
1744764289.1162689,18095.9796078
1744764307.187308,18113.292602
1744764326.134933,18132.6835049
1744764345.875302,18152.5016937
1744764363.4422295,18169.748062799998
1744764381.731775,18187.5411266
1744764399.6398432,18206.0278158
1744764418.0517747,18224.2726388
1744764436.3886604,18243.0921973
1744764454.3027096,18260.4844857
1744764472.6998575,18278.4899558
1744764489.5498703,18296.7500654
1744764506.853612,18314.1407954
1744764525.7059782,18331.6790419
1744764543.499035,18350.2944915
1744764560.4424305,18367.727212
1744764579.0825026,18385.0664148
1744764598.9570477,18404.7013381
1744764617.9613514,18424.4835104
1744764635.1819623,18441.9885587
1744764652.588494,18459.4846881
1744764671.2398105,18477.5639545
1744764690.1383858,18496.6707999
1744764708.9332106,18515.3709749
1744764726.2583745,18532.558552399998
1744764743.5234554,18550.3356811
1744764761.9727218,18567.6628691
1744764780.291801,18586.240830400002
1744764798.3418956,18604.5551778
1744764814.369225,18621.7101344
1744764832.77649,18638.9151041
1744764850.3129246,18657.142355800002
1744764868.662323,18674.9841523
1744764886.714615,18692.0495242
1744764903.2109637,18710.5445793
1744764921.7844374,18728.3356169
1744764939.567183,18745.4675953
1744764958.3664732,18764.2067253
1744764976.49543,18782.131384700002
1744764994.1611204,18800.9337736
1744765013.4704895,18818.206570100003
1744765032.4735405,18837.685532299998
1744765051.7985532,18857.609657
1744765071.4148479,18877.0395231
1744765090.2113667,18895.526608699998
1744765109.9453387,18914.607421200002
1744765128.640693,18934.1931571
1744765146.8711445,18952.7699746
1744765166.2856364,18971.5583579
1744765186.738428,18991.1420301
1744765204.6114442,19011.126688
1744765223.1024437,19029.0634354
1744765241.7095544,19046.6022457
1744765262.0081096,19067.0526697
1744765281.2124162,19086.955091999997
1744765297.8623097,19104.920881000002
1744765316.391276,19122.7714318
1744765334.9169173,19140.795491599998
1744765353.328432,19158.9882285
1744765371.3822155,19177.8848205
1744765389.8794658,19195.8725599
1744765409.3180766,19214.3670927
1744765430.2965236,19235.4292191
1744765448.0006368,19254.1394111
1744765467.1572206,19272.5749732
1744765487.9765255,19291.2811993
1744765507.458392,19313.0154087
1744765526.4025786,19331.422648300002
1744765546.9672863,19350.9911035
1744765565.9813533,19371.661074800002
1744765584.2020094,19389.8900992
1744765601.219872,19408.0440036
1744765621.1769638,19425.8623855
1744765641.9368284,19446.209949
1744765659.5817268,19466.0091587
1744765679.2806249,19483.486963
1744765700.0279462,19504.965091600003
1744765717.7449896,19523.8398085
1744765735.9886835,19541.8986468
1744765754.796145,19560.0177133
1744765774.7126837,19579.5428048
1744765795.1973102,19599.642529700002
1744765813.9609606,19619.4117269
1744765834.4937766,19638.634660400003
1744765854.7820299,19659.764282199998
1744765874.2183187,19679.666788
1744765893.5788627,19699.0260204
1744765913.7790973,19719.2232847
1744765932.1377358,19738.7909793
1744765951.324613,19756.1506045
1744765970.8141491,19775.8350886
1744765990.5341525,19796.2951643
1744766010.9502587,19815.6109374
1744766030.2636528,19835.6399932
1744766049.991637,19855.4590517
1744766069.3125503,19874.2757471
1744766087.6170757,19893.662550200002
1744766107.4415853,19912.0179422
1744766127.1688397,19932.1932754
1744766146.4502363,19951.1787292
1744766164.89104,19970.557311200002
1744766185.0905206,19990.293545300003
1744766204.1178198,20009.6771996
1744766222.4086242,20028.6520818
1744766242.2500322,20047.4310107
1744766260.9324374,20066.0437106
1744766279.0339355,20084.8208825
1744766298.2607348,20103.431636200003
1744766318.4294965,20123.602969
1744766336.97238,20142.7888824
1744766354.257737,20160.7218563
1744766374.9036472,20178.6392319
1744766395.2140784,20200.1179081
1744766414.8098247,20221.203507799997
1744766434.355791,20240.0669165
1744766455.6825707,20260.5957091
1744766474.5919633,20280.304602
1744766492.808218,20298.6684385
1744766511.8273807,20317.0143712
1744766530.8298519,20336.126120599998
1744766549.77629,20355.6241204
1744766570.2130215,20375.0117352
1744766589.041243,20394.3397567
1744766608.9579763,20413.7826223
1744766627.1051292,20432.3960897
1744766645.2815235,20451.7249342
1744766664.999382,20469.799646599997
1744766684.374086,20489.288959899997
1744766703.9539545,20509.0598963
1744766722.0735831,20527.7561516
1744766741.1310031,20546.698617
1744766761.2614052,20566.3447075
1744766778.4717884,20584.8659526
1744766797.153263,20602.913533799998
1744766817.4235148,20622.523938
1744766834.5985758,20640.8470872
1744766853.015681,20659.0445064
1744766871.3868213,20676.9894795
1744766888.9557836,20695.08062
1744766910.0234618,20714.0300628
1744766928.6153421,20734.4775371
1744766948.2111163,20752.975819299998
1744766968.2572854,20772.916565800002
1744766988.362134,20793.6749318
1744767005.8400404,20812.413581499997
1744767026.3378468,20830.4414718
1744767046.2728813,20851.345048900002
1744767064.7657223,20870.2885323
1744767082.8730826,20888.7236796
1744767100.6908922,20906.4601123
1744767120.7330818,20925.7644474
1744767139.4398372,20944.7444325
1744767158.6757371,20964.3627622
1744767178.8563225,20983.4803516
1744767197.9467945,21004.0302505
1744767216.9714694,21022.6466552
1744767237.2421024,21041.183844699997
1744767258.2415462,21062.4907011
1744767278.0402622,21083.364077500002
1744767296.386758,21102.2303274
1744767316.5061874,21121.329008399996
1744767336.0684133,21141.6188812
1744767355.3464656,21161.1846899
1744767373.931901,21179.4827813
1744767394.868454,21199.965361000002
1744767412.7421072,21219.1054154
1744767432.8198588,21237.493797199997
1744767452.793216,21257.6393366
1744767472.3546855,21278.047585
1744767491.7310226,21297.5010216
1744767513.2815576,21317.328103
1744767532.146713,21338.4206807
1744767550.334032,21356.3539212
1744767570.1056907,21374.822867000003
1744767588.7249799,21394.1530212
1744767608.5666447,21414.1088223
1744767625.7936983,21432.6930826
1744767644.531533,21450.2389715
1744767664.91511,21470.1744319
1744767684.1083815,21490.0763336
1744767702.2680821,21508.5161648
1744767721.2993877,21526.3799535
1744767741.1085308,21545.6206635
1744767761.312889,21566.5669836
1744767780.0456936,21585.808276
1744767799.1618505,21605.1560317
1744767817.2910562,21623.6471556
1744767837.4092052,21643.1694316
1744767856.7329266,21661.358446000002
1744767877.7090728,21681.2587785
1744767896.8823025,21702.97147
1744767916.0224893,21721.6828197
1744767936.8317614,21741.3034229
1744767957.1490653,21761.7143823
1744767976.1616952,21781.2531026
1744767997.2418246,21800.6168521
1744768017.518432,21822.2312693
1744768038.715702,21842.8401774
1744768060.4220257,21864.5131695
1744768079.1266391,21885.4708634
1744768099.1494603,21903.4376185
1744768119.9883583,21925.348715
1744768139.8657966,21946.3897011
1744768159.1845336,21964.8012022
1744768179.2277915,21983.5031664
1744768198.861866,22004.3189186
1744768217.990688,22022.8320005
1744768237.8799763,22042.6374549
1744768258.4600246,22062.0191629
1744768276.9329882,22082.2377752
1744768295.0483553,22100.9639349
1744768315.323987,22119.7358523
1744768334.7097867,22140.7186012
1744768352.976725,22158.8029803
1744768371.714228,22177.968748
1744768391.772828,22197.08467
1744768411.5865924,22217.052736499998
1744768429.3949366,22235.365634399997
1744768447.7283766,22253.0806331
1744768467.5592675,22271.2681657
1744768486.2143068,22292.4535648
1744768504.785497,22310.7362162
1744768524.2030745,22329.1827309
1744768545.0864882,22349.2519058
1744768565.407238,22369.6628531
1744768584.12976,22389.9561693
1744768604.6203928,22409.3041055
1744768625.2287223,22430.1139326
1744768644.6211922,22449.337755
1744768663.254552,22469.031044800002
1744768682.3592463,22487.7290536
1744768699.1767402,22505.8139395
1744768719.390308,22524.1611243
1744768739.2668686,22544.3444071
1744768757.7117739,22563.702786
1744768775.9577696,22581.8140487
1744768794.5120122,22600.3078065
1744768814.4452271,22619.4771013
1744768833.1268997,22639.0078222
1744768851.8208563,22657.2781087
1744768871.2014582,22676.9204201
1744768890.3702369,22695.5828323
1744768908.887852,22715.2311162
1744768929.7685707,22733.9934009
1744768947.8908088,22753.839213699997
1744768967.8419805,22773.0844962
1744768986.24752,22792.1883945
1744769005.525767,22811.066233700003
1744769025.1686316,22830.251863
1744769046.270299,22850.6709001
1744769066.192,22871.6337213
1744769085.175439,22890.6319591
1744769103.1433856,22909.1274195
1744769122.283157,22927.8302981
1744769143.452858,22947.7834047
1744769162.9675124,22968.601408
1744769181.846806,22987.3351921
1744769200.2832413,23005.8244454
1744769220.0602205,23024.7854253
1744769240.267794,23044.8078001
1744769260.326952,23064.53362
1744769279.380319,23084.3239979
1744769298.407361,23102.8769708
1744769316.270512,23122.8000099
1744769332.656335,23139.6242187
1744769351.8302433,23157.3458559
1744769373.0675113,23177.0802221
1744769392.2542627,23198.1605261
1744769412.507202,23216.9762182
1744769431.118879,23236.4833952
1744769451.7522275,23255.971212800003
1744769472.1786397,23276.0692832
1744769491.1182518,23296.9415322
1744769511.7071896,23315.4871805
1744769532.226741,23336.3352147
1744769551.2026937,23355.8835322
1744769571.0161245,23375.6930785
1744769591.4307215,23396.1787439
1744769611.1669683,23415.5769035
1744769630.0689793,23435.8807438
1744769650.4896011,23455.0480434
1744769669.7342155,23475.144930000002
1744769689.9029164,23495.124090999998
1744769710.3581104,23515.7702227
1744769729.1993923,23534.3261497
1744769747.8916414,23553.9969699
1744769767.9551535,23572.7579351
1744769788.902892,23594.3783306
1744769807.566319,23613.1830682
1744769827.8403158,23632.601168
1744769847.5950842,23652.3445896
1744769866.6641173,23671.8955651
1744769887.1833212,23690.9161123
1744769906.956856,23712.2910114
1744769925.8679435,23731.0922298
1744769946.2683675,23750.0358879
1744769965.134052,23769.8414842
1744769986.5744436,23790.3995863
1744770004.5229146,23810.3661804
1744770022.297666,23828.577296
1744770042.7227297,23847.7276151
1744770061.2631946,23867.6544634
1744770079.0813472,23885.2481488
1744770098.5622928,23902.9180294
1744770119.0906818,23923.6150357
1744770137.412593,23943.3446822
1744770157.9922748,23961.3377036
1744770177.7968457,23982.7113535
1744770195.7322896,24002.043479
1744770215.5284834,24021.190508599997
1744770234.124774,24040.152244999997
1744770255.840469,24061.0388916
1744770273.6419873,24080.577626000002
1744770292.5963535,24098.4092785
1744770313.5309,24118.1695452
1744770334.5330958,24138.5600346
1744770354.275622,24159.859879300002
1744770374.7468796,24179.8644951
1744770393.6090121,24199.924601
1744770413.3750865,24219.3009857
1744770435.0314348,24239.1941258
1744770454.0474403,24259.9870686
1744770472.535809,24278.169067000003
1744770492.8161886,24296.2061845
1744770512.0934064,24317.848751499998
1744770532.0034363,24336.6258062
1744770552.6945357,24356.0320984
1744770572.7408519,24377.0438539
1744770591.8843515,24396.5198439
1744770613.113369,24415.7057892
1744770633.851031,24438.0749193
1744770654.989552,24458.6195162
1744770675.8313818,24480.0703993
1744770695.3886318,24499.7631569
1744770715.878633,24520.358100999998
1744770737.54917,24542.3653066
1744770757.14058,24562.4772398
1744770778.1031926,24581.894192300002
1744770798.8189828,24602.9712066
1744770819.0878992,24623.4418988
1744770840.1739872,24645.6198928
1744770860.7849226,24665.7285061
1744770882.6747978,24686.0421069
1744770904.045716,24708.2619011
1744770921.8102627,24727.7595617
1744770943.9694865,24746.981322300002
1744770961.7085962,24767.5097957
1744770982.4717212,24787.5673848
1744771001.8662806,24806.978287500002
1744771021.9978912,24826.5785113
1744771042.1978464,24847.8958751
1744771062.5848155,24867.0875768
1744771083.4414856,24887.8421482
1744771102.866707,24908.3586492
1744771123.3663976,24928.0183989
1744771143.1591117,24948.746880600003
1744771162.7397768,24968.465712700003
1744771182.3836393,24987.2347684
1744771203.7551627,25007.516534899998
1744771223.646844,25028.925580000003
1744771245.7864404,25049.8869561
1744771265.03357,25070.4855877
1744771285.3951945,25089.8546773
1744771307.2223601,25110.4488318
1744771326.395342,25131.558805
1744771346.2680886,25151.880785399997
1744771367.6751974,25171.2530018
1744771388.8885636,25192.6703131
1744771408.7875412,25213.4677816
1744771429.1956153,25233.780003
1744771448.5212364,25253.7063647
1744771466.6256185,25272.4753717
1744771488.1604748,25291.9529596
1744771508.1433816,25312.7166015
1744771528.2589724,25332.986201300002
1744771548.4325087,25353.001333300002
1744771569.5535364,25374.3313715
1744771588.4748905,25393.87891
1744771608.931751,25413.5897818
1744771628.5577064,25433.6668847
1744771647.2718832,25453.1412675
1744771669.0093942,25472.4232143
1744771689.4319036,25493.5158367
1744771708.344775,25513.8704329
1744771728.0456626,25532.7647277
1744771747.9420888,25552.9736751
1744771767.645954,25573.0685094
1744771788.8096614,25593.1834652
1744771809.6138406,25613.704267200003
1744771829.6045725,25635.4959596
1744771850.076983,25655.3084408
1744771868.5999424,25674.0181466
1744771889.7045991,25694.1151217
1744771909.3225362,25714.192469399997
1744771929.4097695,25733.8683835
1744771949.5445337,25754.211100599998
1744771971.3002462,25774.8460424
1744771991.09085,25795.7973858
1744772011.5730684,25816.8307647
1744772031.894795,25836.5599012
1744772052.873558,25857.8839845
1744772073.2389295,25878.5983982
1744772092.796803,25898.674551
1744772114.0677953,25918.8835643
1744772133.8229678,25938.7255562
1744772157.3814547,25960.0244321
1744772177.9891014,25981.586652899998
1744772199.0714204,26002.5394279
1744772219.3042834,26024.2764642
1744772238.7967196,26043.5664955
1744772258.8674269,26062.894045600002
1744772278.4919515,26082.8577919
1744772298.555198,26102.8147964
1744772319.646563,26122.7057069
1744772338.1668668,26143.39821
1744772360.0776162,26163.049813600002
1744772379.9331207,26183.825758
1744772400.283978,26204.1277057
1744772422.190135,26225.211633799998
1744772443.1014266,26246.5635077
1744772462.7222614,26267.301049
1744772483.7422295,26287.599766
1744772503.339555,26308.091370500002
1744772524.317754,26327.8867293
1744772544.4865665,26349.174269799998
1744772564.5480235,26368.3363436
1744772584.6619663,26389.5016029
1744772604.833225,26409.544175900002
1744772625.823818,26428.699875799997
1744772646.1275766,26450.347853199997
1744772666.2137492,26471.1006861
1744772688.2425122,26490.4733
1744772709.734736,26513.4467291
1744772731.4774756,26535.278089499996
1744772753.984985,26556.0439207
1744772774.0319984,26577.813336799998
1744772794.6727948,26598.8651552
1744772815.6074724,26620.022703200004
1744772835.0558877,26639.713951299997
1744772856.1006968,26658.6897018
1744772876.0135412,26680.2897086
1744772894.3463974,26700.299025199998
1744772913.1649578,26718.340042999997
1744772933.7667968,26738.100122199998
1744772952.77376,26758.0078453
1744772972.9885626,26778.1720115
1744772993.5748863,26798.4028281
1744773013.3997622,26818.131159599998
1744773034.873389,26838.4439106
1744773054.615024,26859.6564269
1744773074.6918385,26879.4011639
1744773093.888001,26898.9741955
1744773113.7501137,26918.6983626
1744773133.274225,26938.378695699997
1744773151.644598,26956.717797800004
1744773171.9511876,26975.5636229
1744773191.9899642,26996.867198400003
1744773211.5409265,27016.0737983
1744773233.5057213,27036.1877932
1744773254.5825996,27059.4744626
1744773272.953863,27078.7405999
1744773292.7524385,27096.7022522
1744773312.7086692,27117.961385199997
1744773332.3100336,27137.892964500003
1744773352.0512726,27155.993583299998
1744773371.1589499,27176.170519900003
1744773390.8415,27195.5331398
1744773409.9475107,27214.6354749
1744773430.6538146,27233.511553700002
1744773451.4087214,27255.7103764
1744773471.3365183,27275.741632999998
1744773492.059102,27295.91567
1744773512.99404,27316.754136199997
1744773535.325893,27338.983444100002
1744773556.214151,27360.965696599997
1744773577.5079956,27381.5830786
1744773598.311559,27404.3018225
1744773619.3153589,27423.6213605
1744773638.7155232,27443.783104099995
1744773658.7666967,27463.573847699998
1744773677.5047708,27482.7771907
1744773698.926111,27503.2824999
1744773720.0216355,27524.598737400003
1744773738.4305058,27544.231477
1744773759.8661766,27564.656605099997
1744773780.4699223,27585.468532799998
1744773800.9056094,27605.5926414
1744773819.7824814,27624.9817292
1744773841.4485633,27646.314218800002
1744773861.5830448,27665.7956964
1744773880.4402814,27685.4936484
1744773901.6833158,27705.5640785
1744773921.1119163,27725.708659000004
1744773940.8391955,27745.538810799997
1744773961.291533,27765.8833332
1744773982.28177,27786.2880489
1744774000.2102349,27806.2589568
1744774020.4360914,27825.5576755
1744774042.9214706,27846.8018423
1744774061.7117229,27867.124185499997
1744774081.948456,27887.073075300003
1744774102.1099098,27906.141911100003
1744774120.8371236,27926.268942100003
1744774141.2158058,27946.3891661
1744774161.3659143,27966.171701199997
1744774180.3869545,27986.0648889
1744774201.5112667,28005.9381892
1744774222.3506496,28026.8039904
1744774241.773963,28046.4717544
1744774263.1484046,28067.5101835
1744774284.139188,28087.9537062
1744774303.2821643,28108.4913812
1744774324.7887485,28128.276544300003
1744774344.639893,28149.9277833
1744774364.7744093,28168.975267399997
1744774384.6358213,28188.8034364
1744774405.162993,28209.705066100003
1744774425.1212828,28230.1535479
1744774445.8512156,28250.5175639
1744774465.438015,28270.760051
1744774485.273102,28290.4753433
1744774505.6122923,28309.7894578
1744774525.9356372,28330.951580200002
1744774545.5153706,28350.7698483
1744774566.3664243,28370.548404200003
1744774586.6044805,28391.172516500003
1744774605.5803723,28411.276629599997
1744774627.1766577,28431.3257436
1744774648.8412578,28453.092603999998
1744774667.3872404,28472.712884800003
1744774689.1159601,28493.091143700003
1744774708.5327787,28513.4671409
1744774727.9042642,28533.0528362
1744774748.1357265,28553.347851799997
1744774768.3107536,28573.366781700002
1744774788.1415246,28593.422144300002
1744774807.667923,28612.2483664
1744774829.6937943,28634.4133685
1744774849.4487965,28654.299711
1744774868.3099544,28673.541200900003
1744774889.8005714,28694.866454199997
1744774908.5535662,28714.1621615
1744774930.4967175,28734.5793298
1744774951.5881712,28755.691123899996
1744774970.8671389,28776.0960649
1744774992.4373095,28795.3684014
1744775013.1307776,28817.3885694
1744775032.880935,28837.152043700004
1744775053.6626372,28857.5124688
1744775074.7180808,28879.415390799997
1744775092.5667584,28898.5245046
1744775112.5738778,28916.674869
1744775132.6313138,28937.687848299996
1744775152.526892,28958.1535148
1744775172.3040512,28976.6656921
1744775192.0612705,28997.476247399998
1744775211.4408977,29016.4341211
1744775232.1835067,29036.0243727
1744775252.618323,29057.663953500003
1744775272.8041801,29077.913772300002
1744775292.0057986,29097.3622579
1744775312.0895166,29116.694163900003
1744775332.3886862,29136.724384200003
1744775350.9123435,29156.4228612
1744775373.365344,29177.2524128
1744775393.3802378,29198.5419734
1744775411.4962378,29217.094482099998
1744775432.8839598,29237.296187599997
1744775452.4512482,29257.860196200003
1744775471.9099784,29277.3223266
1744775494.433928,29298.244333799998
1744775514.1414783,29319.616845599998
1744775533.4423885,29339.278024
1744775554.248369,29358.467534900003
1744775573.9364624,29378.891960899997
1744775593.2567255,29398.117491299996
1744775614.735947,29419.0651219
1744775634.437189,29439.5802379
1744775653.3144617,29458.8397662
1744775674.3560736,29477.3472475
1744775693.8685596,29499.499409599997
1744775713.4930868,29518.5472288
1744775733.1511762,29537.516695699996
1744775755.3128483,29558.532562
1744775775.5439477,29579.950160900004
1744775797.3685112,29600.8149679
1744775816.4354103,29621.346140600002
1744775837.0343242,29641.5737937
1744775858.9455345,29664.3744218
1744775877.6868865,29683.4709149
1744775899.1343613,29702.5189784
1744775920.2507129,29725.370467399996
1744775939.2197194,29745.0185383
1744775960.0800216,29764.244376
1744775979.7469637,29785.1579097
1744776000.0012505,29804.7853504
1744776019.9628167,29824.467058699996
1744776040.829781,29846.0229725
1744776059.7546914,29864.88138
1744776080.5313637,29884.952880799996
1744776100.8932936,29906.2056516
1744776120.16041,29925.4629123
1744776139.8079035,29944.5786817
1744776160.1646428,29965.424922
1744776180.2719872,29984.379021499997
1744776199.970297,30004.194599899998
1744776222.1736386,30026.170961100004
1744776241.8590724,30046.506799900002
1744776263.1870427,30066.890926
1744776284.302016,30089.630625
1744776304.1263351,30108.7677295
1744776324.5120258,30128.333753000003
1744776343.8388112,30149.513718399998
1744776364.4729743,30168.2448771
1744776386.0079615,30190.0668138
1744776406.0596385,30211.484528499997
1744776425.9712777,30230.408937599997
1744776445.8015583,30251.3466141
1744776467.3053184,30272.3277705
1744776486.4591022,30291.5316923
1744776506.3808372,30311.0366837
1744776526.8203065,30331.6302374
1744776546.5135734,30351.607520600002
1744776567.2615726,30371.5499108
1744776587.5973988,30392.6806085
1744776608.8174355,30413.010073499998
1744776631.9352717,30435.087303800003
1744776651.8533416,30455.9270091
1744776674.1397016,30475.9756884
1744776696.102528,30498.724808499996
1744776719.2009597,30520.4747317
1744776738.777659,30544.5700939
1744776759.8775342,30564.1353849
1744776781.0047014,30586.3678971
1744776800.187488,30606.272557700002
1744776822.0527918,30626.6680658
1744776842.2594898,30647.820837
1744776861.9277823,30667.3348025
1744776883.4088607,30687.126896499998
1744776905.2035997,30709.208084
1744776924.534695,30729.1133171
1744776945.5549574,30750.857450499996
1744776964.7166295,30769.869702099997
1744776984.7396615,30789.805171199998
1744777006.192157,30810.406648599997
1744777026.1144404,30830.665463300003
1744777044.6462214,30850.4091615
1744777066.634752,30870.1147466
1744777087.5346613,30891.3710181
1744777109.451433,30911.9361851
1744777128.2069314,30933.832986
1744777147.6467922,30952.177036099998
1744777167.5804617,30971.996331299997
1744777187.4285045,30992.7473396
1744777208.084921,31013.1416736
1744777229.3960028,31033.1881076
1744777249.0681431,31053.9372386
1744777269.9258902,31073.656744
1744777290.0410671,31093.9822605
1744777310.388291,31115.2742123
1744777330.1017644,31134.8456283
1744777350.4814873,31154.266852399996
1744777371.0750706,31175.280347
1744777390.3319871,31195.442239800002
1744777411.2129745,31214.8498976
1744777432.1445577,31236.5454275
1744777451.096073,31256.3841953
1744777471.5397732,31276.1959843
1744777491.492939,31296.5654737
1744777511.4384847,31316.7751857
1744777532.3315458,31336.122905700002
1744777553.7796705,31358.153345400002
1744777571.7604709,31377.9499822
1744777592.6100445,31395.640226800002
1744777612.413385,31417.036742899996
1744777632.0702794,31437.522126899996
1744777651.7010098,31456.438201599998
1744777672.6488407,31477.3413507
1744777692.765483,31497.9192171
1744777713.8492372,31517.469391600003
1744777734.3527267,31538.964759299997
1744777753.4186854,31558.533845799997
1744777774.2029443,31577.7556399
1744777794.1280074,31598.8212106
1744777814.761738,31619.5930783
1744777835.856687,31639.397752999997
1744777855.8557234,31660.236908600004
1744777874.8401296,31680.0036719
1744777895.5851483,31699.390341600003
1744777915.5716698,31720.6444893
1744777938.6598296,31741.5238603
1744777961.6481621,31764.1849973
1744777983.346817,31786.4557404
1744778004.111275,31807.5861858
1744778026.6712825,31830.0962946
1744778048.7355254,31851.5295138
1744778070.4821467,31874.8209186
1744778091.8341885,31895.474980599996
1744778114.0607944,31918.9161394
1744778132.9975073,31938.4601257
1744778154.1277819,31957.669601100002
1744778175.0658276,31979.452772200002
1744778194.1204042,31999.696484199998
1744778214.7881234,32018.6090745
1744778236.2286515,32040.9121766
1744778256.3463373,32060.210219200002
1744778276.34653,32081.0609037
1744778297.6903954,32102.643028899998
1744778316.9989257,32121.4594633
1744778338.5017211,32141.880876699997
1744778358.3098075,32163.508629300002
1744778378.0297487,32182.615595
1744778398.7145238,32202.9045692
1744778418.4732475,32223.681433
1744778438.757294,32242.5604362
1744778458.187821,32263.205723500003
1744778477.5109577,32282.2053696
1744778497.3958058,32301.357574100002
1744778517.546285,32321.391244599996
1744778537.4938006,32342.1255054
1744778557.1196399,32361.252878
1744778578.2247458,32382.0218146
1744778599.4144235,32403.4390258
1744778620.2625172,32423.6241655
1744778640.1761756,32444.962026200003
1744778660.0155237,32464.4783344
1744778681.1434395,32483.918531799998
1744778700.957635,32505.7220801
1744778719.3900108,32524.8538588
1744778740.2863817,32543.728817000003
1744778761.5227766,32565.0091122
1744778780.5044239,32585.7402524
1744778801.5432813,32604.6869548
1744778822.838406,32626.1170869
1744778844.0795233,32648.281907099998
1744778868.4288769,32671.2795619
1744778888.966931,32693.2227425
1744778908.9483428,32713.716399000004
1744778929.9280517,32733.6344115
1744778950.1231537,32754.355750500003
1744778969.7530675,32773.4828898
1744778990.625864,32794.5235996
1744779012.681594,32814.7086033
1744779033.4593205,32837.3031156
1744779054.144657,32858.458576
1744779075.087872,32878.1053696
1744779095.4280727,32900.5561736
1744779115.9522493,32920.0686389
1744779137.3831866,32941.428022299995
1744779158.3952236,32961.908977
1744779179.06426,32983.2338018
1744779201.9110286,33006.3167269
1744779223.3430488,33026.338332600004
1744779245.6786509,33049.179586700004
1744779265.1068504,33070.687227
1744779286.925591,33089.648255199994
1744779308.0083191,33112.143592
1744779330.9101708,33132.9110082
1744779355.1820264,33159.5997051
1744779377.0187137,33180.1458318
1744779398.6860673,33202.7888067
1744779417.8571858,33222.9062351
1744779439.7402296,33242.0896194
1744779462.4392757,33265.5215473
1744779482.4483364,33286.4601366
1744779502.5145798,33307.1599819
1744779522.1137064,33327.0464705
1744779542.9693723,33347.106502099996
1744779563.7444682,33369.0142212
1744779583.257197,33387.515166799996
1744779604.2803998,33407.530611400005
1744779626.4255207,33430.1927128
1744779645.139705,33450.427093
1744779667.0319986,33468.5475568
1744779687.781393,33491.7608146
1744779707.6827326,33511.947980799996
1744779729.6283376,33532.7215757
1744779749.567506,33554.1643778
1744779769.8530385,33574.0460683
1744779791.630523,33595.8787019
1744779811.660794,33615.903713399995
1744779832.934804,33635.7360799
1744779854.4911835,33658.5817025
1744779878.6686392,33680.5536602
1744779899.8695734,33704.0863831
1744779921.3559098,33724.5388322
1744779943.0860233,33747.0677661
1744779962.4954977,33767.454825
1744779985.03641,33788.088531
1744780005.9708755,33810.497661999994
1744780026.9956362,33831.0420913
1744780047.6039617,33852.3840554
1744780066.8930464,33871.685999199995
1744780089.8814592,33891.975284600005
1744780111.0298731,33914.4840556
1744780130.7395096,33935.3868957
1744780152.4558215,33954.8243371
1744780172.5162067,33977.0043221
1744780191.6300879,33996.4230795
1744780213.9732656,34016.2715272
1744780233.3986716,34037.7900553
1744780256.5821037,34059.097790499996
1744780278.4963236,34083.1056238
1744780301.185324,34103.1135572
1744780322.108929,34126.8518903
1744780342.380589,34146.5654506
1744780363.4364252,34166.3724381
1744780384.5336342,34187.9952137
1744780405.3204033,34208.7085161
1744780426.4669735,34229.9710116
1744780447.0380063,34251.1247668
1744780469.4261038,34271.5958494
1744780490.0363631,34294.743813
1744780511.1547954,34315.5971479
1744780533.5947046,34337.5770389
1744780554.6566937,34358.0824826
1744780575.8932946,34378.7834755
1744780595.9897332,34400.684307
1744780618.022797,34419.5647741
1744780640.6455164,34445.5676706
1744780660.1344886,34464.9585639
1744780683.5423863,34486.7553189
1744780705.7504525,34508.688340600005
1744780726.4482183,34529.5016242
1744780745.4870293,34551.1749447
1744780765.0400615,34570.0032417
1744780786.226365,34589.9943835
1744780806.0047283,34610.630379199996
1744780827.7249515,34631.6741394
1744780850.2657807,34653.4834348
1744780869.2125952,34674.4513179
1744780891.0904315,34693.9088721
1744780914.1962106,34717.5562561
1744780934.6366127,34738.206093500004
1744780955.1997848,34759.6978765
1744780976.0869129,34779.1943902
1744780997.2552817,34800.6399371
1744781018.3277235,34823.128634
1744781039.0576017,34843.0769696
1744781061.0788333,34865.5931634
1744781081.619333,34886.1509297
1744781105.7535076,34908.0982854
1744781127.1291711,34930.0395261
1744781147.924041,34951.2580532
1744781170.329323,34973.72629
1744781193.7909563,34996.9514357
1744781214.84587,35018.9140741
1744781234.5462627,35039.5021225
1744781255.8768883,35060.1158591
1744781276.772143,35080.351984099994
1744781297.253924,35101.189905399995
1744781318.959275,35122.4121973
1744781338.82392,35142.9699563
1744781360.3733804,35164.2442994
1744781380.7795877,35185.178692400004
1744781401.3341444,35205.224530399995
1744781423.6129742,35226.101464
1744781444.326632,35248.9245985
1744781466.4008164,35269.9367383
1744781489.9345443,35292.320767100005
1744781509.6012056,35314.4476623
1744781530.0816371,35335.0563529
1744781551.6901073,35354.931115600004
1744781573.449078,35375.8275826
1744781593.6492386,35398.4515701
1744781615.6290474,35420.2780654
1744781638.638384,35441.54297540001
1744781656.974021,35462.229112299996
1744781680.1906972,35482.4147256
1744781701.9261737,35504.3824001
1744781723.3090844,35526.8285599
1744781744.6418338,35548.572658200006
1744781765.4128933,35570.606981000004
1744781788.4708307,35591.2123039
1744781809.0007105,35612.6370786
1744781830.654628,35633.430303199995
1744781853.974879,35655.8371867
1744781875.9757068,35679.0361495
1744781898.2066398,35702.2728795
1744781920.46191,35723.487716799995
1744781941.7692704,35745.2617936
1744781960.941392,35766.114476300005
1744781983.049779,35786.132423899995
1744782004.4955432,35807.113379400005
1744782025.0619628,35829.2252214
1744782044.9854255,35849.6436065
1744782065.4146314,35869.401712700004
1744782087.4633508,35890.4770459
1744782109.1501563,35912.654333900005
1744782130.8056889,35934.138157199995
1744782153.9130404,35956.0374794
1744782174.1294901,35978.2737337
1744782194.1455367,35997.9535329
1744782217.2989275,36020.4654668
1744782238.6166525,36042.6454273
1744782260.6084123,36064.466633699994
1744782282.4228094,36086.7945815
1744782306.3617115,36108.624689100005
1744782327.153885,36130.5707274
1744782348.110986,36152.2709723
1744782369.0112286,36173.2694261
1744782389.4391184,36193.0040662
1744782411.4476097,36215.6679912
1744782432.5219963,36236.476505599996
1744782457.0484293,36259.293586800006
1744782478.803036,36282.3787664
1744782499.7630107,36303.999598999995
1744782520.2916586,36324.9419337
1744782544.8218255,36344.496740099996
1744782566.527289,36369.803086
1744782585.0673406,36390.520532
1744782608.693194,36410.8853411
1744782629.9235585,36434.5075012
1744782650.3289618,36455.4179185
1744782674.670813,36477.710068600005
1744782698.0821037,36500.3825364
1744782719.4052246,36523.2620643
1744782741.3994117,36544.6912236
1744782761.985552,36566.8912564
1744782783.3855622,36586.3833669
1744782805.9405103,36608.8255369
1744782825.5072026,36630.8448527
1744782848.8764927,36650.8114572
1744782871.192968,36674.0166804
1744782893.2879543,36696.715567
1744782913.481972,36718.288602500004
1744782937.871798,36739.038585099996
1744782959.787188,36763.3922076
1744782980.0775719,36783.8527708
1744783002.0300376,36806.0781487
1744783024.2910023,36827.3671585
1744783046.8578827,36849.4612866
1744783068.4929993,36871.6797114
1744783091.8979475,36895.7330121
1744783114.5670826,36917.735167499995
1744783135.1012573,36939.627393899995
1744783156.494057,36961.311084
1744783177.9032552,36980.5749179
1744783198.7701766,37003.2814889
1744783219.8004115,37023.2389235
1744783243.8999975,37047.7721311
1744783266.3812823,37068.792168700005
1744783288.1927311,37091.809575
1744783309.5207553,37113.9850263
1744783332.628184,37135.1990601
1744783353.1547594,37157.3956021
1744783376.0164485,37178.9129003
1744783396.4823887,37200.4464774
1744783418.5185483,37220.7546983
1744783440.995944,37243.799039599995
1744783462.355964,37265.9285885
1744783484.4749968,37288.7459185
1744783506.520782,37309.1294263
1744783529.3070383,37331.7012124
1744783550.8359888,37354.548252399996
1744783574.8871412,37378.3123538
1744783598.17655,37400.2319403
1744783620.3126922,37423.371303
1744783640.1185665,37445.5984505
1744783661.82763,37465.0207266
1744783682.9053986,37486.2230892
1744783705.8159814,37507.6898674
1744783729.350848,37532.377926500005
1744783751.8542416,37554.0573144
1744783775.3397775,37577.8038777
1744783797.984586,37601.0424839
1744783820.685163,37624.71473769999
1744783842.523745,37644.8092763
1744783864.7110574,37667.301198
1744783887.1096385,37689.630366000005
1744783911.8855417,37714.3484113
1744783934.7815452,37736.46622
1744783957.1339862,37759.3239098
1744783979.4082165,37782.3482867
1744784001.8855116,37805.794562999996
1744784024.894495,37826.9150103
1744784047.0584862,37850.7257394
1744784068.1451705,37871.802628599995
1744784089.878272,37894.2818577
1744784111.37941,37915.995305000004
1744784130.5153444,37935.5291914
1744784151.5923893,37955.893882699995
1744784171.2639172,37975.861206999994
1744784194.5082643,37996.5402288
1744784215.730549,38019.3216087
1744784237.5666816,38040.7342022
1744784259.6166215,38063.3471615
1744784279.8340151,38084.0632227
1744784303.7664165,38107.0477475
1744784330.6633515,38131.7280384
1744784349.5226943,38154.6351775
1744784371.1092842,38174.8598673
1744784393.682873,38196.6317134
1744784418.9985945,38219.4684435
1744784439.9364507,38243.586954599996
1744784462.8277786,38265.6925032
1744784485.496064,38288.5199152
1744784510.7902915,38312.544699
1744784532.0268402,38335.767286300004
1744784553.625712,38357.120990100004
1744784574.7488904,38378.9956002
1744784600.1656244,38400.528703100004
1744784621.3692894,38425.2620561
1744784646.5869114,38446.8458921
1744784669.0238094,38473.3538454
1744784693.4486578,38495.0631046
1744784713.1698842,38517.1739038
1744784734.2662601,38538.0304646
1744784754.7519581,38559.292933200006
1744784780.4133015,38580.8234331
1744784802.7863803,38606.745225800005
1744784825.4451363,38627.9687838
1744784845.8922107,38650.5138179
1744784869.405128,38671.2977646
1744784891.4423301,38695.4440967
1744784913.396845,38717.8689996
1744784936.5670435,38740.0190623
1744784957.2943654,38760.921234199996
1744784980.069823,38782.9500352
1744785001.5219429,38804.6831407
1744785024.5215955,38827.80146
1744785049.9539013,38849.7347605
1744785071.1810315,38875.607131000004
1744785092.8326488,38895.6553197
1744785114.114653,38918.3156441
1744785173.7091494,38974.683584800005
1744785197.0906093,38998.615863600004
1744785215.5501604,39021.301111199995
1744785236.937731,39040.150660700005
1744785259.3274584,39062.3165526
1744785280.0521057,39084.9696728
1744785302.6754103,39106.5747873
1744785323.9388218,39127.497198000005
1744785345.2380083,39148.7500273
1744785367.691433,39169.7657847
1744785391.062504,39192.9469414
1744785413.8105516,39219.4198914
1744785434.236508,39238.2612098
1744785453.654101,39259.092547
1744785475.477672,39279.6110177
1744785497.445805,39300.9921908
1744785518.5800576,39322.6001713
1744785538.408295,39342.4869611
1744785559.218639,39362.7908622
1744785577.9191403,39382.9683381
1744785596.2819674,39402.1795376
1744785619.3562667,39421.3852588
1744785639.0534358,39443.100465999996
1744785658.8579974,39463.3020981
1744785679.2295864,39483.0312967
1744785700.673772,39504.4157694
1744785722.0211642,39524.815781900004
1744785744.3633585,39547.5775794
1744785766.5712013,39568.8423824
1744785787.7183523,39592.755646599995
1744785809.225798,39614.3871374
1744785833.1151855,39634.198310299995
1744785855.4758089,39658.1879259
1744785878.1409702,39681.0608499
1744785900.059967,39704.9679463
1744785919.9335155,39724.8208829
1744785942.006774,39745.9433698
1744785961.0087817,39766.2081198
1744785984.3754227,39786.062833799995
1744786005.9385512,39808.513357200005
1744786025.842596,39830.2355287
1744786048.0116844,39851.2139458
1744786068.9485695,39872.2591173
1744786091.2444208,39894.3280668
1744786111.5864134,39916.582705099994
1744786137.2386158,39938.2158474
1744786158.029344,39962.5409476
1744786178.983488,39982.215981600006
1744786200.9147842,40005.2317889
1744786221.7747316,40026.3182218
1744786243.4252307,40047.9412489
1744786262.438667,40068.159020600004
1744786283.85093,40087.153895200005
1744786305.1444623,40109.1534721
1744786324.0059822,40129.199583199996
1744786348.2390356,40149.248574000005
1744786371.0545237,40173.026083
1744786393.0341055,40196.3346479
1744786415.8102915,40219.067385899994
1744786440.5730631,40241.9639843
1744786461.8322442,40265.2531797
1744786482.613166,40286.4823355
1744786502.7593877,40308.263879699996
1744786524.4323342,40327.502450399996
1744786546.4182036,40350.9303854
1744786569.6398792,40372.0824872
1744786591.6820612,40394.8457011
1744786612.130408,40415.8047204
1744786631.6723251,40436.2461199
1744786653.3118637,40456.6637539
1744786674.1232953,40477.3730587
1744786697.1431963,40498.7166227
1744786718.0041637,40523.2130533
1744786743.363561,40544.9083988
1744786763.512942,40568.3938958
1744786785.459644,40589.130835100004
1744786808.275872,40612.938855500004
1744786833.254894,40634.645605499994
1744786854.5812702,40657.7440778
1744786878.1735795,40678.9929464
1744786899.6327088,40704.4839288
1744786924.6432178,40726.4065312
1744786946.4393983,40749.203982399995
1744786967.822047,40771.3372759
1744786988.021723,40793.0430292
1744787011.028599,40813.2375722
1744787031.644561,40835.476577
1744787052.7036011,40856.4843541
1744787077.0292928,40879.528819
1744787100.1519241,40902.127465699996
1744787122.054898,40926.3692475
1744787143.0739136,40947.2510676
1744787167.8278806,40970.738827500005
1744787188.4455514,40992.1976701
1744787211.5599892,41013.9307072
1744787230.9474413,41036.236356099995
1744787256.2459595,41058.8508287
1744787279.1128693,41081.3305982
1744787303.2845721,41105.3365233
1744787322.898956,41127.402761599995
1744787346.4056492,41150.525796099995
1744787368.9688752,41171.9902455
1744787391.7136607,41194.766256999996
1744787412.8367946,41217.0523052
1744787436.682125,41237.7366857
1744787460.5214922,41261.748039
1744787482.7000768,41286.5156217
1744787503.1877325,41307.598360899996
1744787528.5830157,41328.5345341
1744787551.7430115,41354.4797243
1744787574.0231724,41377.6858643
1744787594.3201182,41398.979658899996
1744787619.2011805,41420.4403782
1744787641.0132055,41444.9886366
1744787663.739481,41465.676491000006
1744787685.6442695,41489.3418166
1744787710.3779159,41513.213449999996
1744787731.1551325,41535.2518613
1744787751.1448538,41555.7617393
1744787773.0284157,41577.08254240001
1744787795.1382053,41597.6351852
1744787818.1733217,41620.699162699995
1744787838.8658545,41643.8621154
1744787860.8192482,41664.706600499994
1744787882.0114264,41686.122481599996
1744787906.1998448,41706.8983261
1744787927.5173724,41730.8716831
1744787950.2357404,41752.136615999996
1744787975.5835483,41779.2480552
1744787996.3498037,41800.1416391
1744788017.799597,41820.8472285
1744788039.9347181,41842.3560313
1744788068.2285316,41868.4294887
1744788091.5350196,41893.922327299995
1744788111.4750426,41916.585175600005
1744788135.5024807,41938.5367547
1744788162.0456476,41961.5581164
1744788184.6973736,41987.367889700006
1744788206.6038806,42010.1396981
1744788231.6432896,42033.1837107
1744788254.749222,42058.6522465
1744788277.487947,42080.2530012
1744788300.6085136,42102.7463798
1744788321.5259228,42126.9353755
1744788346.1683228,42146.8405487
1744788369.579116,42172.2555506
1744788393.998756,42194.0263884
1744788419.1191962,42221.289904799996
1744788441.6759937,42245.136331300004
1744788463.7938492,42266.9296684
1744788485.752788,42289.963323899996
1744788507.0489497,42311.3120108
1744788528.429645,42332.6056171
1744788560.1484334,42357.4594324
1744788584.8452008,42390.7524307
1744788606.799689,42412.2608355
1744788624.1071124,42430.3890699
1744788642.497606,42448.1495978
1744788661.0440886,42466.827586499996
1744788679.8372843,42485.0623339
1744788699.0318663,42504.4969369
1744788716.809861,42522.6680328
1744788735.14711,42540.253051
1744788755.668429,42558.985726700004
1744788773.3726742,42579.490688100006
1744788791.1721923,42597.3468306
1744788808.3782115,42614.3503274
1744788827.3531108,42632.2349205
1744788846.82065,42650.9129766
1744788863.9391234,42670.1171898
1744788881.2819643,42687.538985
1744788898.7632413,42704.8341974
1744788916.6427596,42722.2144891
1744788936.1567786,42740.0443709
1744788955.2908468,42760.558156700004
1744788973.1953835,42779.395272
1744788990.0539403,42796.5382276
1744789009.0340307,42814.6120879
1744789028.4708056,42832.474202
1744789045.8968666,42851.840479499995
1744789062.8655736,42869.2797896
1744789081.1319144,42886.7376085
1744789099.8681014,42904.747554999994
1744789119.08555,42923.6298422
1744789136.3912468,42942.4615567
1744789154.0111408,42960.2614956
1744789172.3745463,42977.6030945
1744789192.8229132,42996.6907309
1744789212.4147682,43018.1001487
1744789230.7060387,43035.5193501
1744789247.8696513,43053.8827082
1744789265.7618718,43071.2920216
1744789284.15531,43089.553761400006
1744789386.219645,7.990737090909092
1744789402.9564588,2.3386113636363635
1744789419.2045214,2.8780604545454547
1744789435.7453988,2.1120254545454547
1744789452.5430393,2.383037
1744789469.3207796,2.1980453636363637
1744789486.0192707,2.3285448181818182
1744789502.2649136,1.8925753636363636
1744789518.6669056,2.2088246363636364
1744789535.2495127,6.125801818181818
1744789551.7338252,22.62327081818182
1744789568.613583,39.12110245454546
1744789585.1381066,56.030181181818186
1744789601.2536533,72.61798036363636
1744789617.791754,88.66569618181819
1744789634.1473572,105.19744554545454
1744789650.8040516,121.52807790909091
1744789667.278372,138.25860618181818
1744789683.8292136,154.68341545454544
1744789700.1558826,171.2110529090909
1744789733.5276957,198.01569036363637
1744789755.6428452,223.9612900909091
1744789778.7443547,245.61728454545454
1744789802.2941527,270.0082850909091
1744789820.615955,290.78030481818183
1744789840.7760322,310.05844745454544
1744789863.8613975,333.19341554545457
1744789882.7288802,352.8599822727273
1744789903.2434437,372.00495645454544
1744789925.3096316,395.3218775454545
1744789948.2002761,415.316525
1744789969.124658,438.24716354545455
1744789987.2667322,458.1727885454546
1744790012.3465154,476.72770581818185
1744790031.992856,501.5924907272727
1744790051.982539,520.9295709090909
1744790077.4100895,545.2261275454546
1744790100.9748967,566.1318956363637
1744790121.8554473,590.8731067272728
1744790142.1420548,610.6236063636363
1744790166.4512918,633.9101098181818
1744790192.0132267,656.3303918181817
1744790210.6320462,680.3290322727272
1744790230.8694756,700.3533360909091
1744790254.994404,721.3677675454545
1744790280.1338384,744.4139451818181
1744790301.1035812,769.8808852727274
1744790320.0581532,789.8949670909092
1744790345.4465506,808.0073504545454
1744790365.1540017,834.6891475454545
1744790386.7914038,854.6718694545453
1744790407.929775,876.8806132727273
1744790431.4652216,896.5142608181818
1744790450.6674144,920.2423488181819
1744790471.2661726,940.306103
1744790496.208543,960.3596664545454
1744790517.1799455,985.2693343636364
1744790536.574973,1005.3921716363637
1744790560.8867714,1029.3456365454547
1744790582.2725875,1049.996902818182
1744790605.017293,1072.726895818182
1744790623.2015896,1093.2434277272728
1744790645.699498,1113.763465
1744790667.1244745,1136.272565
1744790688.1038902,1156.0458775454545
1744790710.0849304,1178.5792216363636
1744790732.9842515,1198.963655090909
1744790755.8141823,1223.5349327272727
1744790776.7157125,1245.3405591818182
1744790801.5754485,1269.5300287272728
1744790822.7996907,1289.7815456363637
1744790843.940181,1311.164759090909
1744790864.3460212,1334.8047197272726
1744790889.9613373,1355.5567316363636
1744790910.5477855,1378.8174362727273
1744790930.0309122,1399.0791114545455
1744790951.3856428,1418.8545012727272
1744790975.1944332,1440.768548
1744790996.623559,1465.3734024545456
1744791015.428906,1485.4884742727272
1744791037.167701,1505.4772469999998
1744791058.7141762,1527.076574181818
1744791077.4748907,1547.544012181818
1744791100.173512,1567.649494727273
1744791119.49384,1589.0033533636365
1744791139.0484664,1608.591087818182
1744791161.769107,1629.8431763636363
1744791182.4532828,1650.283222181818
1744791204.8640969,1671.0405628181818
1744791225.9742248,1695.2661343636362
1744791251.4105332,1718.584926727273
1744791273.4173234,1741.1175580909091
1744791296.7346613,1761.9426991818182
1744791317.4814293,1787.1321280000002
1744791341.3152907,1808.2101295454545
1744791364.7520676,1830.5726486363637
1744791386.8300176,1852.9990656363634
1744791408.7207787,1877.956592090909
1744791434.783192,1901.5129515454546
1744791456.5917943,1924.8023475454545
1744791476.4163558,1945.0255268181818
1744791495.8475568,1965.5238967272728
1744791518.0185418,1985.2263315454545
1744791538.4468653,2006.9875003636364
1744791559.7937675,2028.598437818182
1744791581.596105,2050.5070105454547
1744791602.0478034,2070.136886272727
1744791620.9616292,2090.6307119090907
1744791640.2012043,2109.4353968181817
1744791661.4778745,2129.3299319090906
1744791679.9895027,2149.6581447272724
1744791700.2547894,2169.581873727273
1744791719.3231106,2188.1985555454544
1744791740.4871,2209.269178545455
1744791761.3699765,2230.209186090909
1744791780.9227777,2249.1749685454542
1744791800.455446,2269.8738735454544
1744791820.2402465,2290.198073090909
1744791840.3444865,2308.6630914545453
1744791860.4869843,2329.6109595454545
1744791878.8188016,2349.381661
1744791898.2315395,2367.6597462727273
1744791919.151915,2387.823959090909
1744791940.8586476,2409.6426791818185
1744791960.1451213,2429.6084324545454
1744791978.309835,2448.662114181818
1744791999.5902867,2466.902477
1744792018.1250217,2487.742408636364
1744792037.1269388,2506.2080306363637
1744792058.8050146,2526.368422636364
1744792076.870119,2546.6606326363635
1744792095.8113768,2564.8495914545456
1744792116.0634992,2584.7880483636363
1744792134.5646548,2604.4843386363636
1744792153.6558528,2623.330229727273
1744792173.259251,2641.875047727273
1744792192.9082158,2662.7620044545456
1744792214.297875,2684.2132561818185
1744792237.1261096,2702.467468
1744792257.1994743,2726.2275256363637
1744792275.5140116,2745.215791363636
1744792295.868444,2763.764598272727
1744792315.2038486,2785.3729934545454
1744792333.6175709,2804.0648705454546
1744792353.5312183,2822.0256664545454
1744792374.3333602,2843.7075120000004
1744792397.3529677,2865.6434042727274
1744792418.9886527,2886.4389938181816
1744792438.2243016,2907.4981771818184
1744792456.5566375,2926.195084909091
1744792479.7144415,2945.316151
1744792497.3955688,2967.8360709090907
1744792516.8527312,2985.579571181818
1744792539.4777029,3005.502008727273
1744792558.7475107,3027.558598636364
1744792576.7929823,3047.384990636364
1744792598.5437856,3066.4217437272728
1744792618.8322947,3088.2015912727275
1744792638.002618,3107.843404818182
1744792658.9082546,3127.000873090909
1744792678.5503418,3148.055362090909
1744792697.1828625,3167.001467727273
1744792720.503502,3185.8602275454546
1744792738.3551881,3208.850327
1744792758.6761897,3228.1060204545456
1744792778.6075447,3246.884826
1744792798.4622476,3268.0850796363634
1744792817.686179,3286.9907536363635
1744792838.233837,3306.1276986363637
1744792857.7907748,3327.049844181818
1744792877.4441485,3347.3175063636368
1744792896.1307406,3365.248946181818
1744792914.9707506,3384.353269727273
1744792938.1605291,3406.915306909091
1744792958.7059224,3426.914495636364
1744792980.0889552,3449.453845363636
1744792998.9537964,3468.276245818182
1744793021.4475112,3487.6046914545454
1744793041.1062186,3510.4441725454544
1744793060.2625837,3529.959932181818
1744793082.753589,3550.818402
1744793102.2291725,3572.229143
1744793120.821407,3590.4065807272727
1744793143.1214907,3609.542996181818
1744793162.0946777,3632.4046138181816
1744793181.6107283,3651.0554908181816
1744793202.825799,3671.143730727272
1744793223.137792,3692.24642
1744793243.134706,3712.042070818182
1744793264.5497706,3732.4101613636362
1744793283.4452798,3752.753562727273
1744793302.495201,3771.9959616363635
1744793325.6550918,3793.6530786363637
1744793343.4899795,3813.628689181818
1744793362.277696,3832.3609952727275
1744793384.272758,3851.1433503636363
1744793403.381245,3873.0449479090908
1744793421.7334847,3891.6348976363633
1744793442.9031365,3910.9525655454545
1744793462.3857563,3931.7020234545457
1744793480.6963117,3950.7853697272726
1744793499.1751149,3968.904360272727
1744793519.1464303,3988.3048833636362
1744793540.1245816,4009.3333767272725
1744793560.9686818,4029.3561678181813
1744793580.4570017,4050.193904363636
1744793601.7687826,4070.9559995454547
1744793621.770726,4091.3392814545455
1744793641.6120863,4110.799933272728
1744793661.0221915,4130.566959545454
1744793680.0742195,4149.489741636364
1744793699.1425486,4168.674491
1744793719.1099818,4188.644288363636
1744793738.5408883,4207.6010710909095
1744793758.2469912,4226.337486545454
1744793778.3520062,4247.032010727273
1744793797.5712981,4266.832860636364
1744793814.9921541,4285.423742
1744793836.750614,4304.1111356363635
1744793857.5977287,4325.669526727273
1744793877.075674,4346.367843818181
1744793898.2723334,4365.920067545455
1744793919.6554716,4386.578631090909
1744793938.7730267,4407.292496
1744793959.9840615,4427.195094818182
1744793980.4148064,4448.467218727273
1744793999.4026577,4468.472398818181
1744794020.2330508,4488.525407090909
1744794042.2038765,4508.965164636364
1744794061.686849,4530.187061454545
1744794082.610128,4551.2176304545455
1744794102.7030337,4571.610699545455
1744794121.629785,4590.722656545454
1744794142.637592,4611.616824454545
1744794164.6608107,4631.470136090909
1744794184.151169,4653.794366
1744794205.0179067,4674.453972727272
1744794225.8026695,4694.342148363637
1744794246.2155187,4714.656986545455
1744794266.1207411,4735.390450636363
1744794288.2388258,4755.910031818182
1744794307.780666,4776.893008454545
1744794326.7694404,4796.242521818182
1744794348.1620467,4816.348635181818
1744794366.3808427,4836.170562454546
1744794385.0065756,4854.4805280909095
1744794405.1014361,4874.020604818182
1744794423.7690806,4893.498632636364
1744794443.5349572,4913.245679818182
1744794463.866787,4932.7663294545455
1744794484.4375305,4953.018017545455
1744794504.7222042,4973.8478355454545
1744794524.8248394,4993.910076181818
1744794543.8690782,5013.103800272727
1744794563.7591875,5032.986075181819
1744794584.6257021,5052.5385245454545
1744794603.445786,5072.882438818182
1744794624.973255,5092.155147181818
1744794647.3386018,5116.001488909091
1744794666.5658464,5136.086836818182
1744794686.6985526,5155.814022727273
1744794708.2873964,5176.671653363636
1744794726.8144867,5196.753459454545
1744794746.8989556,5216.195434
1744794766.4154856,5235.564132545455
1744794785.964573,5254.935637181818
1744794806.557979,5275.015461272727
1744794827.7005742,5296.154882363637
1744794847.3070807,5316.183752818182
1744794868.0313206,5337.322222363637
1744794888.2484615,5357.890596272728
1744794906.823829,5376.899508818182
1744794926.9383683,5396.1056451818185
1744794947.1714406,5417.088487454545
1744794968.428777,5435.927577727272
1744794988.2309518,5457.654338272727
1744795011.144211,5479.706079636364
1744795030.5910792,5499.342955454545
1744795050.4800086,5519.475807363637
1744795071.9179695,5540.238235272727
1744795091.210843,5560.180124090909
1744795109.6460905,5579.221561636364
1744795129.158369,5598.834111818182
1744795149.1721528,5619.043617545454
1744795169.5371022,5638.214844818182
1744795190.097797,5659.141477
1744795209.6706367,5678.168274272727
1744795229.8984876,5699.506340727273
1744795248.8401947,5718.900504272728
1744795267.2211828,5736.970771636364
1744795287.3206944,5756.479012
1744795310.5067,5776.715746727273
1744795329.930835,5798.995969909091
1744795350.7618544,5818.332101636363
1744795371.4580648,5840.697185454545
1744795391.5027008,5859.974635272727
1744795411.8216245,5879.951452727273
1744795431.569506,5901.963461727273
1744795450.4312158,5919.980945545454
1744795469.9901114,5939.618091363636
1744795489.5935717,5958.706583909091
1744795508.7642322,5977.670124727272
1744795529.840677,5997.199466545455
1744795550.738885,6019.1544143636365
1744795570.8669581,6038.633893
1744795590.800573,6060.050634545454
1744795613.2378058,6081.392293
1744795632.2762454,6101.482921272728
1744795651.8124468,6120.784593909091
1744795671.1510966,6141.214433272728
1744795689.8380187,6159.923558545455
1744795708.1080148,6178.449564090909
1744795731.9948626,6198.278517181819
1744795753.4647563,6220.724702545455
1744795772.3618462,6241.6884110909095
1744795792.782493,6262.099316636363
1744795812.5849051,6281.542039363637
1744795831.874743,6301.321671090909
1744795853.3173873,6321.240355545454
1744795871.7937918,6342.100854909091
1744795891.2126105,6361.020354454546
1744795911.8327892,6380.2161163636365
1744795931.9193723,6400.453662727273
1744795951.261337,6420.826647818181
1744795973.8283978,6440.4281130909085
1744795993.4261513,6462.553133545454
1744796013.784831,6483.677542181817
1744796034.6917126,6503.290253
1744796054.126001,6523.136626636363
1744796073.1642327,6542.431662454545
1744796093.3177102,6562.9064572727275
1744796112.9204352,6582.66757290909
1744796132.9181054,6602.136235272727
1744796153.5627408,6622.240239727273
1744796173.2949178,6642.529363181818
1744796193.2257054,6662.470240363637
1744796215.690622,6682.510743545455
1744796238.8520064,6705.417971909091
1744796258.5997336,6727.988047909091
1744796278.2599227,6747.924564727273
1744796297.2451262,6766.588881909091
1744796314.9023561,6785.287631818182
1744796335.6745324,6804.029080454546
1744796354.8450947,6824.781295727273
1744796374.7901826,6844.395542363636
1744796394.7114882,6863.945709545455
1744796414.0195425,6883.013353181817
1744796435.1979823,6903.621447909091
1744796455.8393865,6924.533200636363
1744796475.5553467,6944.562972
1744796493.726759,6963.759601090909
1744796514.020285,6982.833033
1744796535.4152894,7002.995001454546
1744796554.0340083,7023.775264
1744796575.8928418,7044.509317818182
1744796595.5915213,7064.490702727272
1744796614.5595129,7084.825077636363
1744796636.606871,7105.095205
1744796658.1301324,7126.346996363636
1744796676.9398317,7146.632288181819
1744796698.9407082,7167.002839
1744796718.3437235,7187.888477818182
1744796738.3616834,7207.316507909091
1744796758.5672379,7227.910307818182
1744796778.6486592,7247.611809818181
1744796798.2637448,7267.384898272727
1744796818.3611782,7287.813578545454
1744796838.4186761,7306.835868454545
1744796857.5384095,7327.455632090909
1744796879.8631523,7349.383304999999
1744796900.0737212,7368.618838727273
1744796918.874481,7388.3805138181815
1744796939.8757133,7409.656779272728
1744796960.2903745,7428.700089545455
1744796980.6619911,7449.185902818182
1744797000.776026,7469.163946363636
1744797021.2202196,7489.896857454546
1744797040.3834121,7510.098304181817
1744797059.0865889,7528.547233727272
1744797078.693518,7547.378877272728
1744797097.6535218,7567.225897181817
1744797116.6089125,7586.046360363636
1744797136.4617476,7604.882297
1744797156.2647104,7625.270046272728
1744797178.5215726,7645.9800348181825
1744797201.6196764,7667.529254
1744797220.2148755,7689.693910000001
1744797240.944605,7709.891325090909
1744797260.8198946,7729.409252545455
1744797279.588783,7749.232834727273
1744797299.2579608,7769.018243181818
1744797318.8497238,7787.843596909091
1744797338.2347574,7807.186778727273
1744797357.7432454,7826.717269727273
1744797375.9634664,7845.581223454546
1744797395.822154,7864.822845363637
1744797414.9977498,7884.003660545454
1744797434.2845912,7903.952363636363
1744797455.3031662,7923.507945636364
1744797475.6340835,7944.607628090909
1744797495.6540334,7964.655135363637
1744797515.3946676,7984.335735454545
1744797536.3509967,8004.106006363637
1744797554.7925982,8024.5887715454555
1744797575.5162795,8043.655538
1744797597.824425,8065.302560090909
1744797616.62977,8086.520276363636
1744797637.4708567,8106.114314181818
1744797660.2556784,8128.219799181818
1744797679.7346768,8148.6324270000005
1744797700.3130102,8169.072745181818
1744797719.889926,8189.042746727273
1744797739.140231,8208.333545181818
1744797760.1726809,8229.04451590909
1744797779.2074964,8248.897508363636
1744797799.5734692,8267.880389636364
1744797819.2875776,8288.22756090909
1744797841.6954541,8310.28539309091
1744797860.4022424,8329.91435790909
1744797879.8668165,8349.100074545453
1744797902.4173942,8370.018835454546
1744797922.1793876,8390.750388272727
1744797943.173717,8412.805294
1744797963.607734,8432.336162636364
1744797986.314082,8452.679617636364
1744798004.5700967,8474.277680181818
1744798023.0275135,8492.950775
1744798040.9303071,8511.107378363637
1744798061.248513,8530.504814181819
1744798080.2975895,8549.740829636365
1744798099.3330142,8568.638721
1744798118.2595375,8587.660300090909
1744798139.7562969,8606.298173636364
1744798160.2431393,8627.94994018182
1744798180.276545,8649.158927545453
1744798201.3304725,8669.778645363636
1744798221.0140922,8690.204426727272
1744798240.8321033,8708.975944636362
1744798260.8743737,8729.846216818181
1744798280.053513,8748.91449590909
1744798299.0434897,8767.772412727272
1744798320.4382257,8787.456487454545
1744798341.8798273,8808.647274181818
1744798361.4824746,8830.752870818182
1744798381.0716891,8850.811682363636
1744798401.9327865,8869.871495363635
1744798420.510657,8890.069943909091
1744798440.156578,8908.57334390909
1744798460.7245207,8928.186451090909
1744798480.8346117,8949.073129363636
1744798501.860161,8968.930372727273
1744798521.82496,8990.240385090909
1744798541.482686,9010.435187
1744798563.3061044,9030.088278090909
1744798582.0603466,9051.786285363636
1744798601.0978577,9069.931333818182
1744798621.7788913,9089.266065
1744798641.9475753,9109.852393636364
1744798661.14798,9130.491062272726
1744798680.2147195,9149.33816090909
1744798698.978875,9168.413042636363
1744798717.742872,9187.269389636363
1744798738.0327296,9207.995837909091
1744798756.386664,9226.536480545456
1744798775.7589881,9245.315125090909
1744798795.0215793,9264.084707818181
1744798815.0547636,9283.422432727273
1744798834.608019,9303.632103181819
1744798853.506976,9323.015711454545
1744798871.3617449,9341.854706272728
1744798891.551711,9360.379321727272
1744798910.2835798,9380.039747727273
1744798929.2539713,9399.064149545455
1744798948.544206,9417.910040363637
1744798968.1161277,9437.634806727274
1744798988.3722265,9457.634032
1744799009.183438,9477.990875090909
1744799028.8776855,9497.532394181819
1744799048.9986806,9517.863444272727
1744799070.088385,9538.785170272728
1744799090.2349446,9559.146692363636
1744799109.4204986,9578.90179
1744799129.617439,9597.774482
1744799148.746282,9618.032285454545
1744799168.7295287,9638.335185454545
1744799189.7661817,9657.592689
1744799210.184438,9678.094265454545
1744799229.4276302,9698.717617636365
1744799250.2164426,9718.059190454545
1744799269.0938325,9738.240488090909
1744799289.3378882,9758.415142272728
1744799310.030042,9777.669798272727
1744799329.0516803,9798.314851727273
1744799349.990629,9819.129836909091
1744799370.352549,9838.110475545454
1744799389.3402545,9858.980694818181
1744799409.9258444,9878.101739181819
1744799430.6063406,9899.376846090909
1744799450.8056912,9920.238400363638
1744799471.2460923,9940.532708909092
1744799491.2709749,9959.939615727273
1744799510.0168831,9979.762533363637
1744799529.1487966,9998.118990909092
1744799549.0044487,10017.931748818182
1744799568.0431576,10036.878508545455
1744799588.2505488,10056.38635390909
1744799606.371143,10076.235801727273
1744799626.5641341,10095.181448636364
1744799647.942218,10115.87522909091
1744799665.903521,10136.131367545455
1744799683.5503242,10153.965664272728
1744799704.9152527,10172.215646363637
1744799725.1014767,10193.502046000001
1744799743.3955264,10213.193723909091
1744799762.2359908,10231.29423990909
1744799780.8897824,10250.253232181818
1744799799.0952377,10268.769753363636
1744799817.9291968,10287.56373990909
1744799836.1085923,10305.961652
1744799857.2170742,10325.865011
1744799876.4248374,10345.608467818181
1744799894.721203,10364.862064545454
1744799914.4596946,10382.956080818183
1744799932.7730834,10402.100180272728
1744799952.5022295,10421.143745000001
1744799973.9026606,10441.262950454546
1744799993.032287,10461.578388
1744800012.8299038,10481.185357363636
1744800033.64202,10501.728170272727
1744800054.2295692,10522.388437727273
1744800073.5681274,10542.915600818182
1744800095.2096019,10562.674478090908
1744800114.0870194,10583.516827454545
1744800133.044836,10602.69930190909
1744800155.1978765,10623.155786909092
1744800175.1930876,10643.237332090908
1744800194.2866697,10663.879740272729
1744800214.234717,10682.574060454544
1744800233.9353454,10702.485261545455
1744800253.2157836,10722.088827181818
1744800273.089619,10741.764819454545
1744800291.8281102,10760.826941363637
1744800312.3442783,10780.212648363637
1744800331.1239817,10800.808029363638
1744800349.9589007,10819.715403454546
1744800370.7446856,10839.98700509091
1744800390.3643625,10859.200204909092
1744800409.5628264,10879.16487290909
1744800430.192018,10898.739463181819
1744800450.981624,10918.401815272728
1744800469.6706424,10939.49929609091
1744800490.2327895,10958.860109181818
1744800511.603028,10979.270475181818
1744800530.5307152,10999.861138
1744800551.575474,11019.441707181819
1744800571.040043,11040.119535181819
1744800591.0116355,11059.176898818181
1744800611.2976604,11079.826868909091
1744800633.4624135,11101.275184272728
1744800653.031949,11121.682588454545
1744800672.9456816,11142.337260545453
1744800691.8860483,11161.172569727272
1744800710.6551113,11180.097666363637
1744800732.107231,11199.719570363637
1744800751.2715108,11219.989933272727
1744800770.3750722,11239.753261181819
1744800789.6488247,11258.927144727273
1744800808.4742892,11277.715805636364
1744800827.6482224,11297.177857545454
1744800846.6575587,11316.083195818183
1744800865.0087056,11335.47281809091
1744800883.7257226,11353.186600636363
1744800901.483018,11371.797461454546
1744800922.3839803,11390.381673454545
1744800941.209488,11410.876530454545
1744800962.517659,11430.570758545453
1744800980.5104601,11450.812721545455
1744800999.5410006,11469.018567636364
1744801019.7250738,11488.611484181818
1744801039.1284113,11508.363348272727
1744801060.3004954,11528.735504
1744801079.4484413,11549.006285
1744801100.0750995,11569.127205818182
1744801119.9432988,11588.090652
1744801139.2062068,11607.899636636364
1744801158.0604224,11627.309529818182
1744801177.8672228,11646.486496454545
1744801198.119097,11666.467233363637
1744801218.8073688,11687.045717636363
1744801238.138144,11707.614182363637
1744801256.1884468,11726.163434181817
1744801277.5844424,11744.258598272727
1744801297.1485476,11765.417077272727
1744801316.6957042,11785.734656727273
1744801337.3346105,11805.789297636364
1744801356.660185,11825.47100409091
1744801376.1314642,11845.099802545454
1744801395.7071779,11864.075003545455
1744801415.6081033,11883.722511
1744801433.8988886,11903.390135363636
1744801453.439729,11922.845888636364
1744801472.2554274,11941.553037363636
1744801491.7017648,11960.746714636363
1744801510.6336117,11980.155153818183
1744801529.5028076,11999.326900545455
1744801548.633468,12018.241675545454
1744801568.085896,12037.573077454546
1744801587.3088856,12056.503872545454
1744801605.8221576,12075.948352181818
1744801625.3593328,12094.567419636362
1744801643.857175,12113.541528454545
1744801666.258568,12133.982931454548
1744801685.7250838,12155.110238363635
1744801705.0879242,12174.11615990909
1744801726.0988877,12194.407107
1744801747.0618255,12216.207793272728
1744801766.1154213,12235.535474636365
1744801786.2908735,12255.001055454544
1744801806.4395118,12275.36532190909
1744801825.8203247,12294.340534545454
1744801847.66786,12316.150063727273
1744801866.996289,12336.643797545456
1744801887.4564114,12356.321593181818
1744801907.9791858,12376.13415909091
1744801928.6894202,12397.568935181818
1744801947.2727754,12417.102686545455
1744801966.39605,12435.33834
1744801986.7515852,12455.19333509091
1744802004.3746195,12474.653737363637
1744802024.2567465,12493.736385181819
1744802045.1274312,12513.260654727272
1744802066.0261796,12534.765443727274
1744802087.713152,12555.599998272728
1744802106.4162943,12576.621251545455
1744802124.8005898,12594.648141363636
1744802145.7403436,12614.835889727274
1744802165.489795,12634.425013818183
1744802185.0817869,12654.241288636364
1744802204.8491397,12673.336803545455
1744802224.7181404,12693.499940545455
1744802246.3819804,12715.175493
1744802265.574525,12734.711966363637
1744802286.889062,12755.244723363636
1744802306.7238028,12775.549146363635
1744802327.5194242,12795.620012454545
1744802347.0473263,12816.937259545455
1744802365.750834,12835.441822181818
1744802387.4371963,12855.070317272726
1744802406.6722953,12875.372333272728
1744802426.6362247,12896.322807454546
1744802445.5376108,12915.749497272727
1744802467.1843166,12934.416437909093
1744802486.7130482,12956.308532363637
1744802508.1117713,12976.592682181818
1744802527.6213858,12996.068220636364
1744802546.6092143,13015.700938909089
1744802567.1950445,13036.123669363638
1744802587.7176106,13055.86940409091
1744802606.338873,13076.539647
1744802627.2525566,13095.247871090909
1744802648.0092795,13115.664947181818
1744802668.7636144,13136.813455545454
1744802688.6614964,13158.016095727273
1744802708.6941457,13177.009215909091
1744802727.3260098,13196.889056090908
1744802748.4560404,13216.361796363635
1744802769.022658,13237.252106727274
1744802787.9694378,13257.941610363634
1744802809.6412005,13278.539574454546
1744802830.482569,13298.846857363636
1744802848.7850766,13319.014092181817
1744802868.843459,13337.781871000001
1744802890.0021613,13359.227918999999
1744802908.0467532,13378.018450545454
1744802928.6148283,13396.808157818183
1744802948.9463077,13417.382628636364
1744802968.8100636,13438.339333454547
1744802990.1638308,13459.076767818182
1744803010.1343284,13478.830303
1744803029.9817772,13499.436515181818
1744803050.9213693,13519.385964090909
1744803071.6642895,13539.568790090909
1744803090.258364,13560.228098727273
1744803111.0502195,13579.955612545455
1744803131.4456985,13600.081340272729
1744803150.821599,13620.172802818182
1744803171.482105,13639.895920727273
1744803190.2164643,13659.868238090909
1744803208.5361073,13677.947506818182
1744803228.4096024,13697.188575454546
1744803249.2296867,13717.45650218182
1744803269.6724234,13738.051269909092
1744803290.10948,13758.938432454544
1744803310.2127156,13778.412924545455
1744803330.4744081,13799.977760818181
1744803352.9851787,13820.285432545455
1744803372.7641203,13841.270149
1744803391.6373308,13861.104385545454
1744803411.903996,13881.445665454545
1744803432.5024564,13901.025877
1744803451.5029528,13920.719503181817
1744803473.024802,13941.128753727273
1744803492.9542131,13961.906973181818
1744803511.552495,13981.094236636362
1744803534.2998435,14002.414355363637
1744803553.3351572,14022.682010999999
1744803572.6557143,14041.407104363636
1744803592.6486733,14061.731349090907
1744803613.083711,14082.294582636363
1744803631.4978256,14101.718173363637
1744803652.6878927,14120.555427727273
1744803673.5300128,14141.438387727272
1744803692.840735,14162.419110363635
1744803714.3145506,14183.534398454545
1744803734.691971,14202.80779690909
1744803754.302888,14223.403725636364
1744803773.840384,14243.166385181818
1744803792.9683666,14262.26057709091
1744803812.8228416,14281.53683681818
1744803833.2251418,14302.52812581818
1744803854.2063937,14321.597999272728
1744803873.9903553,14342.946263818181
1744803895.2922933,14363.148446727275
1744803917.95789,14384.435006454545
1744803936.9291532,14406.306301090908
1744803957.6793256,14425.664637272728
1744803977.5844083,14446.585537454544
1744803996.9835467,14466.301174545455
1744804016.5899549,14485.880372181819
1744804036.9654853,14505.993199727272
1744804055.0829184,14525.181493727274
1744804074.3612576,14544.007813909091
1744804096.3806236,14564.126218363637
1744804115.419925,14584.713585454545
1744804136.152076,14603.885256454545
1744804157.110765,14625.686076545455
1744804175.6512778,14645.590306727274
1744804195.1068485,14664.598139636364
1744804217.2241817,14683.848701818182
1744804237.2978017,14706.67564309091
1744804257.687737,14726.382174
1744804281.0573463,14747.646453545456
1744804301.2696106,14769.802408909092
1744804320.5023744,14789.877565818182
1744804341.0893226,14809.610324363637
1744804359.6444309,14829.140928
1744804379.1181688,14847.666283363638
1744804401.4688916,14869.248986272725
1744804420.222145,14889.637269363635
1744804440.4023438,14908.824305545453
1744804460.9983685,14929.536026454543
1744804480.1112614,14950.137130363635
1744804500.3607213,14969.48954618182
1744804521.191649,14989.859883272728
1744804540.8076026,15009.775570818183
1744804560.3985507,15028.891893181817
1744804581.0656648,15049.70515109091
1744804599.3716638,15069.25212990909
1744804620.6153746,15088.047048454546
1744804642.09146,15108.804003818183
1744804660.8221157,15130.464265818182
1744804680.5883763,15149.220074545454
1744804701.5417469,15170.409225454547
1744804720.3224106,15190.200522454545
1744804740.0084417,15209.162987727272
1744804761.4325533,15228.644402181817
1744804781.5449264,15250.94505881818
1744804800.932374,15270.233340181818
1744804824.0206292,15291.913704727274
1744804842.6056387,15312.669667181819
1744804862.75926,15331.294639818183
1744804883.0636592,15351.13601509091
1744804901.4717724,15371.264832090908
1744804921.0173998,15389.688176727272
1744804944.4117773,15411.527220181819
1744804963.5553217,15432.764776999999
1744804983.6305535,15452.978740727272
1744805004.857269,15473.875523454546
1744805023.1607828,15493.26170009091
1744805042.981806,15511.484083909092
1744805064.0340016,15532.167763363635
1744805083.728902,15553.177306818181
1744805102.6576557,15571.684192636363
1744805124.8257997,15591.858483909093
1744805144.0077603,15613.868969818182
1744805163.075401,15632.22255909091
1744805184.5859063,15653.024386545456
1744805203.3893616,15673.56649909091
1744805222.5453322,15691.673906454547
1744805245.7300541,15713.066551363636
1744805264.7547314,15734.176930363637
1744805284.327967,15753.343706454545
1744805306.1281884,15773.425629636362
1744805324.840603,15794.111652363637
1744805344.804493,15813.262107818182
1744805366.210795,15834.19513690909
1744805383.9493856,15854.272765181819
1744805402.8888216,15872.060242545454
1744805425.5752878,15892.71858290909
1744805445.2701683,15914.876088545454
1744805465.2254152,15934.232527363636
1744805487.2886493,15954.45427909091
1744805506.1306581,15975.365529454546
1744805524.839706,15994.278446727274
1744805545.9947913,16013.888142363636
1744805564.9048433,16034.63155281818
1744805585.0073004,16053.136851818183
1744805607.3148952,16073.874633545456
1744805626.385376,16096.203869181818
1744805645.7055376,16115.031014545455
1744805667.8860192,16135.180944818183
1744805686.4359376,16155.789050363637
1744805705.3912017,16174.650616818182
1744805726.6770132,16194.239143818182
1744805745.3543835,16215.72955890909
1744805764.0264168,16234.212147999999
1744805782.888743,16252.22265909091
1744805803.499574,16272.138453818183
1744805823.7314808,16293.029641181818
1744805844.0367458,16312.43052490909
1744805862.9771836,16332.378868454545
1744805884.4651012,16353.417864
1744805903.8307266,16372.988039454545
1744805924.277401,16393.51521790909
1744805945.7045763,16414.105776363638
1744805965.3432815,16433.966818
1744805985.1322637,16454.25252290909
1744806006.2114487,16474.696881727272
1744806025.916884,16495.109918545455
1744806045.088668,16513.95779881818
1744806065.2370768,16534.576041727272
1744806085.774341,16554.201407454544
1744806105.2516458,16574.70736390909
1744806125.7967806,16593.86609336364
1744806145.6366668,16614.175352454546
1744806166.1371906,16634.721075181817
1744806186.8329294,16655.05141181818
1744806206.271021,16675.87291409091
1744806226.154748,16694.30461281818
1744806246.1549466,16715.28331190909
1744806266.786215,16735.449301999997
1744806284.6964886,16754.955084727273
1744806304.1111228,16773.590732454544
1744806322.9620206,16792.290664454547
1744806343.210305,16811.910564818183
1744806364.4317737,16832.737609272728
1744806383.984641,16853.026362727272
1744806404.3930001,16873.10288309091
1744806424.9988744,16893.461033545456
1744806444.6205637,16913.133628545456
1744806465.0801651,16933.70382590909
1744806485.5477967,16954.353173272728
1744806505.074624,16974.012749181817
1744806525.340769,16994.104040727274
1744806545.8619988,17013.872293
1744806564.8451214,17034.119355363637
1744806585.477023,17053.62004281818
1744806606.9648545,17076.082244272726
1744806627.380855,17096.62056190909
1744806646.8958995,17115.531140545456
1744806667.5109603,17135.91983209091
1744806687.1580563,17155.64578418182
1744806707.5402884,17176.246091818182
1744806728.6353655,17196.89120290909
1744806748.3464692,17216.56784772727
1744806768.3268092,17237.391144272726
1744806789.1526222,17258.642643454546
1744806808.0121827,17277.520907636364
1744806829.4475927,17297.91291590909
1744806849.17026,17318.460481636364
1744806870.1862535,17338.112147454547
1744806889.4549856,17358.83048
1744806910.098929,17379.51860418182
1744806929.9434729,17399.304060363636
1744806949.2039273,17418.878614545454
1744806970.7190306,17440.53337990909
1744806988.8915055,17458.822873
1744807009.1581922,17478.286982272726
1744807030.019261,17498.181513
1744807050.0503266,17518.947955454547
1744807070.5064006,17539.293442
1744807091.2026243,17560.18023190909
1744807111.0943515,17580.351139545455
1744807131.088048,17600.939202909092
1744807152.124443,17620.847766181818
1744807171.369626,17640.846744363636
1744807190.867316,17660.158813272727
1744807211.3986487,17680.51289481818
1744807230.8135786,17699.811687181817
1744807252.025803,17719.93865863636
1744807272.9726486,17742.222135272725
1744807292.0162122,17761.490263363637
1744807312.351653,17781.010093727273
1744807331.9494472,17801.530106090908
1744807351.173724,17820.591864
1744807371.3370411,17839.525858545454
1744807391.2077234,17860.75485509091
1744807409.966443,17879.624738090908
1744807428.662276,17897.714006545455
1744807450.0921354,17917.49112490909
1744807470.3553917,17938.570443636363
1744807489.510873,17958.743806727274
1744807510.2576993,17978.538848545457
1744807527.73637,17998.214820454545
1744807546.5824485,18016.29287672727
1744807568.2149916,18035.432978727273
1744807587.2693522,18057.081083363635
1744807606.612937,18076.26959909091
1744807630.8371947,18095.899723363636
1744807649.73391,18119.326967454545
1744807669.3967059,18138.651145545453
1744807690.7659159,18158.730503272727
1744807709.9983027,18179.626308454546
1744807729.0979276,18198.121818454543
1744807750.6991725,18218.985918818184
1744807770.7179394,18240.189829272727
1744807789.9757268,18258.99508872727
1744807811.0504177,18278.844112818184
1744807831.097173,18299.888486
1744807851.4882889,18320.587316818182
1744807873.1999867,18340.422494636365
1744807892.5314658,18361.494577
1744807911.720077,18380.705740727273
1744807932.7256467,18401.700060181818
1744807953.243021,18422.317470909093
1744807971.9729822,18441.290389909092
1744807993.3662765,18461.641533636364
1744808013.0677705,18482.47302
1744808032.041074,18501.381398636364
1744808052.7771735,18521.319890545452
1744808072.8778088,18541.454681545452
1744808091.2558408,18561.161007181818
1744808113.3642104,18581.280636
1744808133.070194,18602.11945481818
1744808151.767893,18621.79414290909
1744808173.5479023,18642.19834290909
1744808193.507352,18662.52371990909
1744808213.5296924,18683.258725363637
1744808235.0999115,18702.78479909091
1744808254.837854,18724.816978545456
1744808274.6411743,18744.119156636363
1744808296.52001,18765.009667454546
1744808315.8706613,18784.680013999998
1744808334.6546302,18804.24623690909
1744808356.4014225,18824.560662545453
1744808374.144996,18844.596623636364
1744808392.6682956,18862.673292363637
1744808413.6281161,18881.829443727274
1744808433.285282,18902.42492036364
1744808453.980302,18922.52346772727
1744808476.6734934,18944.861226181816
1744808495.9915774,18965.22472618182
1744808516.161917,18985.238577636363
1744808537.4382944,19005.915682818184
1744808559.3932977,19027.071346727273
1744808577.675044,19047.561974
1744808598.8225937,19068.04971318182
1744808618.0504348,19087.381130818183
1744808637.3760214,19107.46642809091
1744808658.1766012,19127.29256418182
1744808678.5878692,19147.753138545453
1744808699.3975153,19168.637536181817
1744808720.1682508,19189.121848181818
1744808741.951139,19209.352395727274
1744808761.0357563,19229.84084218182
1744808780.480353,19250.303723454545
1744808801.453727,19269.626766454545
1744808822.1489708,19290.26230527273
1744808841.004241,19310.840020545453
1744808861.0816946,19329.592637545455
1744808881.227818,19350.199777
1744808900.6493697,19370.057829545454
1744808920.1736655,19388.765305818182
1744808939.5843487,19409.05360663636
1744808959.7926686,19429.045828272727
1744808983.2510846,19450.71304690909
1744809003.3227928,19471.471347636365
1744809022.2884688,19491.576381272727
1744809043.215308,19511.001245
1744809064.1380463,19532.34506909091
1744809084.0517833,19552.92999090909
1744809104.101518,19573.099178636363
1744809124.3246558,19593.298877818183
1744809143.57698,19613.549369727272
1744809164.742475,19632.499769000002
1744809183.4884627,19653.194619272726
1744809204.407686,19673.458811545457
1744809224.8290076,19693.946371727274
1744809246.042465,19714.129921727275
1744809266.3113441,19734.776028545453
1744809285.0178528,19754.21172681818
1744809306.1769712,19773.432652454547
1744809327.062742,19796.277994454547
1744809347.84161,19816.509728636363
1744809367.4608197,19836.299131363634
1744809386.6715198,19855.777503818183
1744809407.6119444,19876.488686636363
1744809427.551271,19896.17441972727
1744809447.1321747,19916.789766545455
1744809468.225137,19936.223143272728
1744809488.5031621,19957.044068454547
1744809507.429227,19977.281106
1744809529.0217335,19996.98428718182
1744809548.2907095,20017.666647636364
1744809568.2307153,20036.836799636363
1744809588.2458043,20057.65450009091
1744809608.4805164,20077.52303027273
1744809628.720615,20097.64190190909
1744809649.2958906,20118.042063818182
1744809668.3085277,20138.161383545455
1744809688.0074065,20157.435108545455
1744809706.3006895,20176.36343990909
1744809726.40566,20195.765498818182
1744809747.3998795,20215.440032454546
1744809767.7060773,20236.525015181818
1744809787.0533645,20256.727158454545
1744809808.3848805,20277.183398818182
1744809828.932231,20298.241674545454
1744809849.8670557,20318.280324818184
1744809869.5837994,20338.767630545455
1744809891.5418148,20359.653960272728
1744809911.5066483,20379.677973454545
1744809931.2848663,20400.66086890909
1744809952.072039,20420.408949727273
1744809971.0071418,20440.52285590909
1744809990.6869628,20459.374028909093
1744810012.2489605,20480.082290181817
1744810032.4820247,20501.750372181818
1744810054.052752,20522.02423009091
1744810074.2191942,20542.912219272726
1744810096.1170373,20563.48369590909
1744810116.1946616,20584.681609
1744810135.61337,20604.42990218182
1744810159.4747343,20626.49521809091
1744810180.2699223,20648.732387727272
1744810200.7478771,20669.416720454545
1744810221.4066834,20690.117997727273
1744810241.193391,20710.423719727274
1744810262.1259887,20730.783037999998
1744810282.9307592,20751.110240272727
1744810303.6731172,20771.10008690909
1744810324.9942725,20792.581754
1744810344.7159266,20813.14734909091
1744810367.0633016,20833.20018118182
1744810389.31658,20857.726563727272
1744810410.5652373,20878.109939181817
1744810430.6923065,20900.088005636364
1744810451.631655,20920.162811090908
1744810473.3527372,20939.926538363638
1744810494.9795284,20963.567278272727
1744810515.157419,20982.944363454546
1744810536.2845616,21005.475203272727
1744810556.7688947,21025.559590181816
1744810577.948474,21045.061947909093
1744810598.3950887,21067.374243181817
1744810618.270665,21087.54107490909
1744810640.6250834,21107.118254545454
1744810660.3392744,21129.429665363637
1744810680.9012809,21149.41472672727
1744810703.7728412,21171.530436727273
1744810723.5885098,21192.407374
1744810743.1034877,21211.98091390909
1744810765.0642798,21232.379110363636
1744810787.8626728,21254.309049818185
1744810807.8764253,21276.103237636362
1744810827.989068,21297.065349818182
1744810849.080868,21317.743576363635
1744810868.6480935,21338.260928545453
1744810889.8607898,21357.570474727272
1744810911.7412322,21379.482978727272
1744810932.5039845,21400.48148509091
1744810952.7474852,21421.118859181817
1744810974.222385,21442.789345818182
1744810993.5126352,21463.011659454547
1744811014.2977076,21482.437122
1744811037.9546678,21505.357139272728
1744811057.7694752,21526.171711181818
1744811079.28128,21546.020206636364
1744811101.6726866,21569.556838818182
1744811121.4385085,21590.375104545456
1744811141.0691419,21609.953614272727
1744811162.2041879,21630.882859545454
1744811183.8602233,21652.130737272728
1744811203.9567184,21672.455613636364
1744811223.8491304,21692.38304772727
1744811244.3546343,21713.640307454545
1744811264.4789102,21732.92757209091
1744811283.604502,21753.014751545456
1744811303.8050945,21772.890588636365
1744811324.278375,21792.085545454545
1744811344.6903894,21812.81215490909
1744811364.526768,21833.06545909091
1744811385.3470418,21853.870460545455
1744811404.9569063,21874.265459636365
1744811424.379999,21893.890152545457
1744811444.7018538,21913.019991363635
1744811463.5517936,21933.213915727272
1744811486.3184838,21954.10440781818
1744811505.824929,21974.658519
1744811526.3660898,21994.683576272728
1744811547.1342616,22015.88520781818
1744811568.6535158,22036.048553090906
1744811589.3139944,22057.739114636366
1744811610.1354678,22077.48928590909
1744811632.7225764,22100.16274809091
1744811654.21979,22121.691439272727
1744811673.8486962,22142.65333290909
1744811693.9136763,22163.268240999998
1744811715.0887187,22184.00444
1744811735.474032,22203.39907190909
1744811756.1848183,22224.683832363637
1744811777.1789463,22245.58984909091
1744811797.7477224,22266.009978636364
1744811818.336086,22287.898492363634
1744811838.9601107,22307.183632454544
1744811858.9550688,22327.917989909092
1744811877.786199,22347.390886272726
1744811900.8181355,22368.848482727273
1744811920.9301476,22388.757827454545
1744811940.1287029,22408.92700290909
1744811963.0470753,22429.96420736364
1744811983.8516467,22451.324084818185
1744812005.4786885,22474.133225272726
1744812029.918416,22497.03478990909
1744812052.7607858,22519.828010272726
1744812071.7180138,22541.250689545453
1744812092.115061,22560.39823272727
1744812112.5680995,22580.15560736364
1744812132.526027,22600.998741545456
1744812152.0459964,22620.564649454547
1744812171.3981261,22640.690213909093
1744812190.9766572,22660.139503272727
1744812210.8492439,22679.641658454548
1744812233.1079075,22701.78254918182
1744812254.8452172,22722.50040009091
1744812275.4397004,22743.573872454548
1744812296.6106524,22763.79846418182
1744812315.46973,22784.651210545453
1744812335.9276385,22803.793493363635
1744812357.8775735,22824.181913
1744812379.1108265,22847.272167454546
1744812399.8953836,22868.398412272727
1744812420.9972885,22890.10491390909
1744812440.5048356,22910.05148818182
1744812460.884952,22929.071326454545
1744812481.7762642,22950.39618072727
1744812503.8798807,22972.013332272727
1744812523.5833912,22993.159449181818
1744812544.552833,23013.94163781818
1744812567.963138,23034.47678981818
1744812587.682691,23056.847260181818
1744812609.2440245,23076.72369418182
1744812632.1446166,23098.90596990909
1744812652.0901194,23121.25125181818
1744812671.4379168,23140.207597818182
1744812694.0569437,23162.583536000002
1744812714.3239772,23183.77470072727
1744812735.0580924,23204.46238281818
1744812754.767746,23224.00957309091
1744812775.2566648,23244.812317454547
1744812796.4089165,23265.355515
1744812817.496166,23286.00377281818
1744812837.6677039,23306.28667572727
1744812858.6108441,23327.75809590909
1744812878.9122274,23348.319372181817
1744812899.5602148,23368.16434509091
1744812919.802911,23388.428238727272
1744812938.565139,23408.57813390909
1744812959.1676104,23427.612995454543
1744812980.2358963,23448.888378
1744812999.8604887,23469.697038818184
1744813022.5212502,23489.58189809091
1744813041.9657629,23510.828743363636
1744813061.3780084,23530.400301727273
1744813084.2797768,23549.928528
1744813105.059227,23572.81045818182
1744813125.4342613,23593.538650272727
1744813147.5329666,23616.14772109091
1744813168.1343327,23636.729079
1744813190.4438543,23658.30771481818
1744813210.6446214,23680.38822663636
1744813235.8210566,23702.898331
1744813255.9182074,23724.84700890909
1744813276.5526998,23744.77837018182
1744813297.607184,23765.468538272726
1744813319.356816,23786.23304063636
1744813342.4725437,23810.124330363637
1744813361.790501,23831.730214181818
1744813383.3304093,23851.600938363637
1744813402.7305849,23872.742208000003
1744813422.5921524,23892.12291736364
1744813444.8794212,23911.854573
1744813465.362854,23934.00314509091
1744813484.680966,23953.816197636363
1744813506.4321911,23974.79024009091
1744813527.8185956,23995.115114363634
1744813547.250403,24015.638641818183
1744813567.5781422,24036.42662718182
1744813590.7090206,24056.973883363637
1744813611.891121,24079.698135181818
1744813633.4751027,24101.965099545454
1744813657.6194768,24124.767183454547
1744813679.2658265,24146.774178636366
1744813698.8302977,24167.851892545455
1744813718.9779687,24187.14000536364
1744813739.5583308,24207.62205418182
1744813757.977518,24228.00466509091
1744813778.7626426,24247.41104527273
1744813799.8366132,24268.669024545456
1744813818.5284739,24288.493019363636
1744813838.9610467,24307.84556836364
1744813861.1209545,24328.398528272726
1744813881.2149293,24350.07876527273
1744813900.8684,24370.103085909093
1744813922.029683,24390.169083545454
1744813941.9524767,24410.382106727277
1744813961.1337643,24430.388920181817
1744813983.9666352,24450.066653909093
1744814004.9243014,24472.589736545455
1744814026.24815,24493.967375090906
1744814046.9088266,24514.94110990909
1744814068.1797807,24536.57382018182
1744814087.913038,24556.644807636363
1744814110.193161,24577.636516545455
1744814132.9614139,24599.572120545454
1744814154.7141974,24621.87513581818
1744814178.2421603,24644.933118090907
1744814196.9657578,24666.58034609091
1744814217.5384402,24685.14367409091
1744814238.4401464,24706.136873545453
1744814260.6551366,24728.276736181815
1744814281.9126437,24750.517391545454
1744814301.9518034,24771.23175
1744814322.8067825,24791.184669272727
1744814343.460145,24811.703185545455
1744814364.5262055,24833.69010636364
1744814385.7524333,24854.052021
1744814406.756022,24875.72287963636
1744814427.0134077,24895.716470272724
1744814446.8069541,24915.350914363637
1744814466.920613,24936.243128636364
1744814485.3622146,24955.312818090908
1744814506.2898245,24975.625880818185
1744814526.8722572,24995.249064363634
1744814546.8375492,25015.123878090908
1744814570.1436777,25037.591126909087
1744814589.8031657,25059.388694454545
1744814610.5115156,25078.659889272727
1744814631.5913997,25100.18329909091
1744814650.7986732,25120.12815918182
1744814671.2245831,25139.965881454547
1744814693.1004946,25160.42301990909
1744814715.076498,25182.54796590909
1744814736.845795,25203.49636227273
1744814760.3435006,25227.169179272725
1744814780.5358899,25248.814619
1744814803.2054095,25270.261421181818
1744814825.2377543,25292.972634454545
1744814844.9828188,25314.312747545457
1744814866.046982,25334.990495
1744814887.4827993,25355.863063818182
1744814907.5967705,25377.208012363637
1744814927.5250163,25396.377286454546
1744814949.0577774,25417.973712272724
1744814969.5041845,25438.247264363632
1744814987.8982787,25457.61601490909
1744815010.9682405,25478.193653909093
1744815030.5173197,25500.045603181818
1744815049.878979,25519.322742727272
1744815071.363622,25538.403741454546
1744815092.427824,25560.524072636363
1744815111.1728437,25580.958784272723
1744815130.3864048,25600.58895036364
1744815150.4625576,25619.384686727273
1744815170.1251898,25638.778476363634
1744815189.870443,25659.421253727272
1744815210.8516595,25678.698697
1744815231.378091,25699.768757727274
1744815252.6482537,25721.183791454547
1744815271.9188979,25741.894266818184
1744815291.8264635,25760.726476636366
1744815312.6068952,25781.948948181816
1744815332.0550592,25801.45597690909
1744815350.464855,25820.533990363638
1744815372.3145843,25840.849425363635
1744815391.2617915,25861.077492
1744815410.700333,25879.786081
1744815431.5896564,25900.256896090912
1744815452.8378406,25920.975842636366
1744815472.0018322,25941.672740363636
1744815493.1048682,25962.528908727272
1744815513.5689166,25983.077301181816
1744815533.775985,26002.501748090912
1744815554.950837,26023.289410454545
1744815574.9227445,26044.497966818184
1744815594.9812827,26063.794114727272
1744815617.80353,26085.493800545457
1744815637.4159164,26106.32512681818
1744815656.43828,26125.80395036364
1744815676.6458607,26145.79969027273
1744815697.7214055,26166.274007727272
1744815715.9388387,26185.829833545456
1744815736.4332888,26205.491011272723
1744815756.7287374,26225.75564018182
1744815777.1926198,26245.07363718182
1744815797.8128924,26266.907367636366
1744815817.394361,26286.967584545455
1744815837.858977,26307.42641118182
1744815857.1063497,26326.635340727273
1744815876.8377485,26345.82910218182
1744815897.9516182,26365.74682454545
1744815916.954894,26386.690471636364
1744815937.7575305,26406.474663181816
1744815956.9068189,26426.495572909087
1744815978.1241198,26446.696495727272
1744815998.9986777,26467.818205272724
1744816018.8366904,26487.99347972727
1744816039.6250834,26508.397637909093
1744816059.8505473,26528.054980545454
1744816079.570156,26548.434553363637
1744816099.1441855,26568.98615454545
1744816121.4003386,26589.002595
1744816141.4717493,26609.972438454544
1744816162.1007667,26630.93271509091
1744816183.5432692,26651.866663
1744816203.4880223,26671.937793181816
1744816224.3574731,26692.42479290909
1744816248.9161,26714.644005272727
1744816270.9324238,26738.274253454547
1744816293.3998601,26760.64085
1744816313.6770198,26782.750273909092
1744816334.6340647,26803.429682545455
1744816355.6394584,26824.195679272725
1744816376.8375492,26844.91947881818
1744816400.134765,26867.827337909093
1744816420.2480493,26888.64144009091
1744816439.598029,26908.956212545454
1744816461.1425676,26929.458650272725
1744816484.3511493,26951.09587772727
1744816505.5596771,26973.580951636366
1744816526.071212,26995.341641636365
1744816547.6633928,27015.01677
1744816567.8612125,27036.66424154545
1744816587.0117526,27056.412088090907
1744816611.6161866,27076.917435
1744816634.2814095,27101.04633781818
1744816655.9844227,27124.641616545454
1744816677.6889513,27146.36740509091
1744816701.502348,27168.206128272726
1744816723.74655,27191.193234727274
1744816744.0994244,27212.531710454543
1744816764.6661875,27233.55722909091
1744816785.780087,27253.631293727274
1744816811.3867116,27276.254768
1744816834.642065,27301.54643072727
1744816855.5811892,27324.35184336364
1744816877.6447542,27345.178618
1744816901.0181425,27368.607471545456
1744816921.9088562,27390.246208636367
1744816942.0434666,27411.279663999998
1744816963.4464576,27432.029414999997
1744816982.6068392,27452.02257290909
1744817005.1792672,27472.73856409091
1744817023.8901567,27493.818840909094
1744817045.9320986,27512.590193363638
1744817067.6798937,27536.542288272725
1744817090.241962,27556.573853090908
1744817112.3520923,27580.10692909091
1744817132.453452,27600.540424000003
1744817155.55302,27622.19520918182
1744817178.0043857,27646.103313272728
1744817198.0206387,27666.784525545456
1744817220.3554168,27688.544016454543
1744817243.296404,27711.07026336364
1744817262.649093,27732.12709981818
1744817283.2109218,27751.81439118182
1744817304.4589264,27772.83700009091
1744817326.0319319,27794.03925709091
1744817345.7613342,27814.764314454547
1744817367.2342992,27834.73434381818
1744817387.9124227,27856.193272727272
1744817407.709077,27876.507589909088
1744817428.3021243,27896.909688999996
1744817448.3137617,27917.089271636363
1744817468.4172864,27936.953773454545
1744817488.795494,27958.00436
1744817508.5857909,27977.26611481818
1744817526.7804463,27996.555336999998
1744817547.771277,28015.584497818185
1744817567.4271796,28036.587789272726
1744817585.8074107,28055.317922727274
1744817606.5742693,28075.095620636363
1744817627.588043,28095.905997909093
1744817647.4134042,28115.678815454547
1744817669.6341367,28136.985319000003
1744817690.7296493,28158.720300636367
1744817711.1802814,28179.147278000004
1744817732.5027845,28200.41909536364
1744817753.9236534,28222.171643
1744817775.9243293,28243.81062263636
1744817795.740864,28264.871069454544
1744817817.0728998,28285.014212181817
1744817840.764984,28306.72166172727
1744817861.0132318,28329.796853727275
1744817884.6088297,28353.440098181818
1744817906.5073373,28374.951662636362
1744817929.6509187,28396.91762027273
1744817950.8637578,28418.596762363635
1744817972.8439488,28441.34572481818
1744817993.3880076,28462.07244345455
1744818012.737576,28482.181090909093
1744818034.0213852,28502.010489000004
1744818053.3897374,28522.659246363633
1744818074.276227,28543.066952272726
1744818095.122435,28563.759461363636
1744818116.22272,28584.04165409091
1744818136.149493,28604.796136545458
1744818156.7903938,28625.363150545454
1744818178.2775075,28646.227062909093
1744818199.8516612,28666.476815363636
1744818221.2767444,28688.597145363634
1744818244.8609183,28711.297126454545
1744818266.239218,28734.115041909088
1744818288.6919851,28755.532367272725
1744818310.8129654,28778.309056636364
1744818332.2433853,28801.06815618182
1744818367.5207384,28835.720708363635
1744818389.0348625,28856.642705818183
1744818409.2285223,28877.96197909091
1744818429.1780941,28897.69529290909
1744818450.8152142,28918.39129890909
1744818473.1352565,28939.939754272727
1744818493.0143964,28961.60624181818
1744818514.1578186,28982.34089772727
1744818536.5153098,29004.65429509091
1744818559.3940973,29026.381794454544
1744818580.55953,29049.28707736364
1744818601.1450107,29069.13543763636
1744818623.5396388,29089.829708727273
1744818643.7021084,29112.25598709091
1744818665.0816414,29132.515570272728
1744836547.5574913,3.671786285714286
1744836564.155676,3.0175255714285716
1744836580.3331583,7.8985259999999995
1744836596.8763766,7.616417714285714
1744836613.1127727,7.606988
1744836629.3129907,8.235675142857144
1744836645.543131,7.1019057142857145
1744836661.9346614,7.715640428571428
1744836678.1659822,8.489096857142858
1744836694.7657964,7.921017142857143
1744836710.9580693,7.820593428571429
1744836727.2383792,7.934864571428571
1744836743.6178315,7.3348627142857135
1744836773.0224993,3.74205875
1744836789.6839201,2.5249045
1744836823.3341599,2.87614175
1744836839.8575895,3.15926125
1744836856.6907747,3.353944
1744836873.0537786,3.06486825
1744836889.7528713,3.71462975
1744836906.7327516,2.63237975
1744836923.0980072,3.5763904
1744836939.2278419,3.1163136000000002
1744836955.7660072,3.7363616
1744836972.2257147,3.8704624
1744836989.0260243,3.2527838000000004
1744837005.4736588,3.5847451999999995
1744837022.102414,3.1835854
1744837040.0803983,3.8783036
1744837058.0080886,3.3457988
1744837075.8380642,2.7158392
1744837093.8928976,3.3671356
1744837112.135312,3.1508116
1744837130.229241,3.2225008
1744837148.404404,3.1977798
1744837166.555838,3.5702008
1744837184.6806982,3.703875
1744837203.2928553,2.578410615384615
1744837221.4890115,2.017566846153846
1744837239.789885,2.3514525384615386
1744837258.0234466,2.4666023076923076
1744837275.9636693,2.336303923076923
1744837294.4580672,2.59706
1744837312.5440123,2.6639333076923077
1744837331.0916383,2.5991856153846156
1744837349.4124339,2.198953384615385
1744837367.8864546,2.1281025384615386
1744837385.5270436,2.2389913846153844
1744837403.7000325,2.6390075384615383
1744837421.6790197,2.4743035384615384
1744837440.591159,2.4683615384615387
1744837459.260145,2.691764076923077
1744837477.6829162,2.43078225
1744837496.3010786,2.4588380833333336
1744837514.1126087,2.320206769230769
1744837532.6137164,2.5622361538461536
1744837550.7457001,2.316728
1744837569.036291,2.7764406153846153
1744837587.443769,2.6479434615384614
1744837606.6575685,2.407509076923077
1744837624.3125012,2.6389542307692304
1744837642.4926949,2.349457769230769
1744837660.6096952,2.138738230769231
1744837678.38782,2.4336926153846155
1744837696.677217,2.715995846153846
1744837714.5615413,2.464459923076923
1744837732.832178,2.8777403076923074
1744837750.454401,2.477247833333333
1744837768.4147303,2.732419461538462
1744837786.2550452,2.648001769230769
1744837804.0260332,2.5700459230769233
1744837821.8275316,2.245537461538462
1744837839.8505628,2.5661780000000003
1744837857.9267359,2.6842296153846155
1744837876.0482917,2.6949823076923076
1744837893.9073427,2.8236
1744837911.9530134,2.715756
1744837929.923272,2.6094323846153844
1744837947.702477,2.4841884615384613
1744837965.5964723,2.368317076923077
1744837983.2608624,2.093294153846154
1744838001.090737,2.4971889230769233
1744838018.7395215,2.682465769230769
1744838036.5499885,2.737180230769231
1744838054.298879,2.3429288461538462
1744838072.059606,2.4277914615384613
1744838089.7188642,2.1824657692307694
1744838107.696762,2.6909291538461537
1744838125.693137,2.7547796153846154
1744838143.675714,2.5066383076923078
1744838161.4351218,2.5763683076923076
1744838179.221295,2.496340142857143
1744838197.3485382,2.435765214285714
1744838215.6061556,2.4566407692307695
1744838233.3818984,2.382611153846154
1744838251.2233129,2.3052266923076923
1744838268.8837676,2.9424146153846156
1744838287.0134308,2.4717073846153848
1744838305.1354952,2.567655
1744838322.9977217,2.4888826923076923
1744838341.205519,2.4528716923076925
1744838359.0144846,2.364323076923077
1744838376.817122,2.458882153846154
1744838394.7976625,2.5330932307692304
1744838412.5895722,2.5176203076923076
1744838430.2376819,2.5733121538461536
1744838448.2052124,2.2217044615384616
1744838466.237709,2.039516307692308
1744838484.401637,2.306127
1744838502.208824,2.0542045
1744838520.2874396,2.2339825
1744838538.477241,2.0673022857142858
1744838556.5990243,2.216340461538462
1744838574.5018592,2.1405893846153847
1744838591.9443173,2.1824863846153844
1744838609.375037,2.254504923076923
1744838627.218135,1.9267314615384614
1744838644.9504745,2.005976230769231
1744838662.4832647,1.9342602307692307
1744838680.2246027,2.4952240714285714
1744838697.979083,2.499952230769231
1744838715.7173045,2.0975993846153846
1744838733.741647,2.2367239999999997
1744838751.458411,2.2702976923076923
1744838769.1687448,2.143401692307692
1744838787.6207266,2.106723538461538
1744838805.0374026,2.199841
1744838823.0675178,2.077076153846154
1744838840.7045038,1.959784153846154
1744838858.8021631,2.4283683846153847
1744838876.7007325,2.1005046923076924
1744838894.3014455,1.9740806153846153
1744838912.1620522,2.139638
1744838930.039812,2.1881809230769234
1744838947.9557283,2.1995929285714286
1744838966.2021563,2.0579912142857144
1744838983.8010237,1.8902854999999998
1744839001.938885,2.233281642857143
1744839019.550881,2.2418338571428573
1744839037.6191561,2.3143132307692307
1744839055.839862,2.321968076923077
1744839073.692437,2.4719094615384614
1744839091.640837,2.448143153846154
1744839109.5519466,2.483930076923077
1744839127.1736243,2.2026728461538463
1744839145.0876615,2.241509
1744839162.5879354,2.348842846153846
1744839180.470504,2.258305846153846
1744839197.9824746,2.1604127692307693
1744839215.7911906,2.0137505384615384
1744839233.6585805,2.092921923076923
1744839251.396336,2.4205737142857147
1744839269.0285566,2.1667230714285717
1744839286.8520455,2.003908357142857
1744839304.2810073,2.1487587142857145
1744839322.0772555,1.8124725
1744839339.8077729,2.362647642857143
1744839357.6602573,1.9033082857142856
1744839375.70805,2.1046909285714284
1744839393.3351226,2.279811857142857
1744839410.946586,2.3008037142857143
1744839428.659912,2.162527785714286
1744839446.427815,2.0639229285714285
1744839464.2178817,2.0600416428571426
1744839481.7936502,2.0049497142857144
1744839499.8907876,2.036256142857143
1744839518.1222515,1.9827383571428572
1744839536.0976043,1.9989007142857143
1744839553.8148713,1.9764469285714286
1744839571.6593754,2.241588071428571
1744839592.760059,2.2884578125
1744839610.694562,2.011119117647059
1744839628.645358,2.160140470588235
1744839646.329537,2.282563111111111
1744839663.8863075,2.2603896666666667
1744839681.5134006,2.2357924444444444
1744839699.1648612,2.1787815
1744839716.6625316,2.0208375000000003
1744839734.1425245,2.004773777777778
1744839752.1322987,1.8868176470588234
1744839770.2858062,2.1037230588235296
1744839788.2818143,2.167327882352941
1744839806.404359,2.148762882352941
1744839824.3868341,2.073751470588235
1744839842.347792,2.2348488235294117
1744839859.8626986,2.2480271764705884
1744839877.5141687,2.073288823529412
1744839895.5752335,2.1265041052631575
1744839913.199066,2.353974368421053
1744839931.0353653,2.2772724736842105
1744839949.0254881,2.1257772631578944
1744839966.5705419,2.240829894736842
1744839984.7499492,2.1357622631578947
1744840002.5434015,2.020186842105263
1744840020.3154318,1.9120126315789474
1744840037.8624218,1.8341119473684209
1744840055.9151368,2.031656105263158
1744840073.6995842,1.9287438947368423
1744840091.482874,2.2323164736842105
1744840109.581471,2.0266495263157895
1744840127.9050791,2.1948473157894735
1744840145.7134786,2.0947933684210525
1744840163.6044674,1.8697114736842106
1744840181.2670474,2.0855595263157896
1744840198.814737,2.1216589999999997
1744840216.5742116,2.243690789473684
1744840234.4591928,2.0412875789473683
1744840252.453582,2.1115034736842104
1744840270.5351038,1.9377373157894737
1744840288.6028004,2.032499736842105
1744840306.5841131,1.8476867368421053
1744840324.3107333,1.8170690526315791
1744840342.476496,2.020497947368421
1744840360.0774314,2.0878167894736843
1744840377.9920914,2.168391157894737
1744840395.8290994,2.1556876842105264
1744840414.0172956,1.9650307368421052
1744840431.9448164,2.226261210526316
1744840449.7075584,2.092711157894737
1744840467.5543098,2.0040905263157893
1744840485.5690017,2.2285311052631576
1744840503.4507232,2.1144083684210524
1744840521.5319169,2.0665424736842106
1744840539.1364095,2.096034105263158
1744840556.76672,1.958237842105263
1744840574.436361,1.8058032105263155
1744840592.534303,2.194137894736842
1744840610.4110155,1.8511763684210525
1744840628.4683979,2.205930736842105
1744840646.3501585,2.193804947368421
1744840664.182643,2.141378421052632
1744840681.7739627,2.156967789473684
1744840699.6077113,2.181987578947368
1744840717.1212232,2.237102315789474
1744840734.955931,1.9832025789473686
1744840752.647959,2.112066842105263
1744840770.563037,1.940904105263158
1744840788.6709943,1.7079895263157896
1744840806.3490794,1.9952236315789476
1744840824.0390797,1.998745736842105
1744840842.4193678,2.0883172631578946
1744840859.918556,2.073329894736842
1744840877.722614,2.346598105263158
1744840896.0348837,2.07941947368421
1744840914.303605,2.0568698947368422
1744840932.2831874,2.0982445263157894
1744840950.52705,2.2758814736842106
1744840968.3180356,2.0939463157894735
1744840986.5778072,2.1874674210526317
1744841004.272541,2.158908947368421
1744841022.0007913,2.07640747368421
1744841039.4594903,2.1097336842105263
1744841057.1398125,2.021366421052632
1744841075.130309,1.9033942222222224
1744841093.1666903,1.9556336666666665
1744841111.0365586,2.047293388888889
1744841128.7067783,1.8579035555555556
1744841146.4317038,1.9085019444444444
1744841164.385572,2.1791630555555557
1744841182.1855202,2.2317445555555557
1744841200.1727633,2.0748503333333335
1744841217.7940805,2.0520600555555557
1744841235.3000245,1.8556902777777777
1744841253.6195421,2.155609722222222
1744841272.4322152,2.019124611111111
1744841290.4453015,2.1763139444444444
1744841308.2745438,2.193894444444444
1744841326.1251898,2.0762829444444444
1744841343.7518463,2.1981822222222225
1744841362.6216633,2.224031166666667
1744841380.3665733,2.3400213333333335
1744841398.26859,2.0258588333333334
1744841416.0712068,1.8726413333333332
1744841434.036661,2.032256888888889
1744841451.9727173,2.448528555555556
1744841469.9942746,2.833972277777778
1744841487.6510656,2.749298888888889
1744841505.3865113,2.8297991666666666
1744841523.1535091,2.5961790555555555
1744841541.013473,2.5265495555555555
1744841558.883772,2.686347
1744841576.6927333,2.829668777777778
1744841594.2616198,2.8958070555555557
1744841611.9541514,2.8485069999999997
1744841630.1774573,2.565425277777778
1744841648.2491138,2.581274
1744841665.7755945,2.5780299444444443
1744841683.3725996,2.508747222222222
1744841701.4088678,2.954846611111111
1744841719.5517206,2.6672404444444444
1744841737.3751233,2.782083722222222
1744841755.3614998,2.6812287777777777
1744841772.9079936,2.741000166666667
1744841791.1308918,2.5811878333333333
1744841809.1316202,2.770056388888889
1744841826.6865773,2.6726673333333335
1744841844.5858717,2.9254981666666664
1744841862.4008682,2.884256
1744841880.1265583,2.805785222222222
1744841897.9156694,2.6227080555555555
1744841915.7128618,3.0422071666666666
1744841933.3798068,2.3893483333333334
1744841951.6535034,2.585103777777778
1744841969.648552,2.9103510000000004
1744841987.7929819,2.7478174444444448
1744842005.3688116,2.6912773333333333
1744842022.9738386,2.674659888888889
1744842040.593278,2.3555508333333335
1744842058.3191755,2.542909777777778
1744842076.1448672,2.5349833888888886
1744842094.5524285,2.6125160555555555
1744842112.4013612,2.6723916111111112
1744842130.1879814,2.5208428333333335
1744842147.9587905,2.5029639444444443
1744842165.7790585,2.1819146666666667
1744842183.4602158,2.131785611111111
1744842201.6618805,2.633718
1744842219.5068064,2.5863278333333333
1744842237.4327571,2.6077067777777776
1744842255.1707602,2.4529886111111114
1744842273.2910643,2.4483977222222224
1744842291.3918362,2.3437437222222224
1744842309.1020482,2.2612094444444444
1744842326.8393629,2.462052833333333
1744842344.7666264,2.577433222222222
1744842363.1765146,2.724179
1744842381.3079557,2.5003526666666667
1744842399.2616043,2.7182013333333335
1744842417.1041687,2.5965499999999997
1744842434.6372101,2.4355462777777777
1744842452.7435386,2.389270388888889
1744842470.9459138,2.509876777777778
1744842488.6247325,2.4421185555555556
1744842506.4705653,2.5048477222222223
1744842524.4916103,2.555985166666667
1744842542.1800413,2.457539388888889
1744842560.2216403,2.489233333333333
1744842578.0480473,2.362604722222222
1744842595.9050431,2.4538141666666666
1744842613.5477955,2.4323626666666667
1744842631.2380748,2.4568689444444445
1744842649.0786235,2.685055277777778
1744842671.5864968,2.6882178888888886
1744842689.8367314,2.708123777777778
1744842707.6950686,2.2928005000000002
1744842725.541398,2.5496543333333332
1744842743.5463178,2.5310443888888887
1744842761.484334,2.6607742777777776
1744842779.3973715,2.515357888888889
1744842797.2149863,2.382357444444444
1744842815.3587239,2.465323277777778
1744842833.0659263,2.3432833333333334
1744842850.689136,2.630504277777778
1744842868.4466774,2.8436327222222224
1744842886.3318791,2.5444406666666666
1744842904.3653653,2.5515288333333337
1744842922.7930808,2.4247322222222225
1744842940.8529515,2.4886186111111113
1744842958.591854,2.6617664444444444
1744842976.2014043,2.3887585555555555
1744842994.3456395,2.9855000555555558
1744843012.240243,2.683337888888889
1744843029.9660704,2.6749447777777777
1744843047.662547,2.3886998333333334
1744843065.3521833,2.3157207222222222
1744843083.0785756,2.388622222222222
1744843100.8775752,2.1494455555555554
1744843118.556889,2.841452
1744843137.0390525,2.5137726666666667
1744843154.7740815,2.6900056666666665
1744843172.6038952,2.3241729444444443
1744843190.4674158,2.1649711052631577
1744843208.8915744,1.794169894736842
1744843226.423295,2.052098421052632
1744843244.408413,2.345830210526316
1744843262.4681768,2.5543104736842106
1744843280.6530874,2.5422736842105262
1744843298.1738663,2.791290157894737
1744843316.011383,2.372640894736842
1744843333.9431465,2.115626842105263
1744843351.5998209,1.8880062105263158
1744843369.2973633,2.2793937368421053
1744843387.0826042,2.394972
1744843404.9319427,2.6755854736842104
1744843422.6031508,2.386036578947368
1744843440.5820515,2.1140062105263158
1744843458.31817,2.1010956315789473
1744843476.6492112,2.1025464736842103
1744843494.662879,2.248861263157895
1744843512.7936187,2.314987210526316
1744843530.682241,2.424643947368421
1744843548.2791014,2.410413947368421
1744843565.9189942,2.376114631578947
1744843583.9701092,2.108525842105263
1744843602.3141177,2.100791052631579
1744843620.1539292,2.017600052631579
1744843638.2834089,2.112472789473684
1744843656.4748077,2.220169842105263
1744843674.4044485,2.2679855789473686
1744843693.5392926,2.2701825789473684
1744843711.5811265,2.1063332631578944
1744843729.4136646,2.220129947368421
1744843747.3734167,2.4064103157894734
1744843765.1618342,2.904705
1744843783.2060335,2.8086261052631576
1744843801.7318208,2.5951026315789476
1744843820.0143545,2.849259157894737
1744843838.3712332,2.759839894736842
1744843856.6458874,2.633974105263158
1744843874.8280382,2.6059282631578946
1744843893.1409698,3.1158845263157895
1744843911.0130954,2.7898235263157893
1744843929.891344,2.739464947368421
1744843947.928352,2.758354789473684
1744843966.875345,2.5984546842105263
1744843985.0113866,2.7373684210526315
1744844003.74998,2.6703431578947368
1744844021.810692,2.305525631578947
1744844040.2669802,2.7028734736842104
1744844058.089519,2.375162210526316
1744844076.1072326,2.694669157894737
1744844094.1166418,2.6581098947368424
1744844112.2945642,2.7819965263157895
1744844130.415549,2.7503802105263158
1744844149.332375,2.741709105263158
1744844174.7618716,2.3159596842105263
1744844193.9786296,2.4805023157894737
1744844213.103363,2.4904390000000003
1744844232.5577495,2.622231263157895
1744844251.8826885,2.4603566315789474
1744844271.1591692,2.654942210526316
1744844290.3093486,2.747278210526316
1744844309.9192207,2.3840043333333334
1744844329.0913572,2.6415194444444445
1744844348.4966564,2.6858681111111107
1744844367.6304088,2.2008275
1744844386.8936756,2.550116777777778
1744844406.220869,2.640527611111111
1744844425.5886567,2.368034888888889
1744844444.4135263,2.5644385
1744844463.7384121,2.6735955
1744844482.7521164,2.4357568888888887
1744844502.2654526,2.2906628333333336
1744844521.7074647,2.5897494444444447
1744844540.5960753,2.316674
1744844559.9231944,2.0162993333333334
1744844579.4794586,2.6397273333333335
1744844598.929464,2.507027611111111
1744844619.1998622,2.2930450555555555
1744844639.2957544,2.430766263157895
1744844659.5396516,2.3334704210526316
1744844679.993099,2.7995147894736845
1744844700.381159,2.4125603157894737
1744844720.6092863,2.5761113
1744844741.9383585,2.691058875
1744844762.3106997,2.338655541666667
1744844783.039509,2.1727703333333332
1744844803.5822945,2.1441551249999997
1744844824.526538,2.3801348333333334
1744844844.8975983,2.561144375
1744844865.1942956,2.2923592083333335
1744844885.258403,2.0734512916666668
1744844905.3852532,2.480279125
1744844925.5728118,2.125328875
1744844945.9672089,2.180450083333333
1744844966.1420243,2.334700875
1744844986.2062128,3.0627745416666667
1744845008.2410655,2.3658830869565217
1744845028.5350487,2.4998428695652173
1744845048.5479226,2.2390458260869566
1744845068.7278616,4.795431130434783
1744845089.0948281,2.3307605217391303
1744845110.0719159,2.424842434782609
1744845130.2990534,2.1648437826086955
1744845150.9730113,1.9066602727272726
1744845171.3114858,1.9864189090909092
1744845191.8195224,1.958229818181818
1744845212.3608713,2.0408650909090906
1744845232.7400541,2.0811613181818185
1744845253.8610852,1.8533002727272725
1744845274.6683657,2.0189435
1744845294.499061,2.0050662272727275
1744845314.7372265,2.0201278181818183
1744845336.311315,1.983755590909091
1744845356.6050413,1.8938986086956522
1744845377.64587,1.745116608695652
1744845398.0760114,1.8960384782608697
1744845418.496895,1.900307909090909
1744845438.6622593,1.8312677727272728
1744845459.317997,1.9663657727272728
1744845479.8686795,2.0904017272727273
1744845500.2355175,2.010185318181818
1744845521.0359945,1.7032365454545455
1744845542.2628214,2.052610565217391
1744845562.3439693,1.8637942173913042
1744845582.7147377,2.0508280434782606
1744845602.734488,1.967494347826087
1744845622.771745,2.032124043478261
1744845643.742595,2.1287687826086956
1744845663.7337902,2.0384622173913045
1744845683.948217,1.9995305217391304
1744845704.6430633,2.1245951818181816
1744845724.4748533,1.8871051363636366
1744845744.6572447,1.7730087272727273
1744845765.3895488,1.959805909090909
1744845785.6412303,2.0169040454545457
1744845805.82038,1.834082909090909
1744845825.9181314,2.0422053636363633
1744845846.1473305,1.927765590909091
1744845866.1771407,1.6535388181818182
1744845886.675291,1.7901505454545452
1744845906.9120657,1.9181594090909089
1744845926.961867,1.8269182272727271
1744845947.924336,1.7230825454545453
1744845968.3977315,1.9591481818181817
1744845988.7091773,1.6507402727272726
1744846009.1022966,1.8906527727272726
1744846029.459216,1.9421208636363636
1744846049.7911973,1.5536011818181819
1744846070.2140434,1.7709427727272726
1744846090.5524652,1.6943477272727272
1744846110.7787392,1.7881456363636365
1744846131.8478386,1.9180008181818182
1744846151.8906963,1.7938885
1744846172.7526934,1.7938556363636364
1744846193.6031237,1.7622034999999998
1744846213.8281841,1.6354543636363637
1744846233.9085708,1.7187510909090908
1744846254.3969219,1.7031789545454545
1744846274.4351006,1.5694755454545453
1744846295.0547836,1.786837
1744846315.0549538,1.8168653181818184
1744846334.908218,1.608099181818182
1744846355.074629,1.8827673636363635
1744846375.3773692,1.8077363636363637
1744846395.629358,1.7707274090909093
1744846415.8308995,1.6575246363636362
1744846436.2537074,1.8288103636363637
1744846458.0188236,1.7297387727272728
1744846478.4373271,1.9778941818181819
1744846498.923831,1.7570115909090909
1744846519.130463,1.6289167727272726
1744846539.359593,1.890501227272727
1744846559.8403933,1.8464925
1744846579.9105682,1.719234409090909
1744846600.1924353,1.7754869545454546
1744846620.886444,1.6207638181818182
1744846640.9601016,1.866918739130435
1744846680.7124598,1.7132674782608697
1744846700.775276,1.9915374782608697
1744846720.9451988,1.8980471739130436
1744846741.4290354,1.6941310869565218
1744846761.9218402,1.829137590909091
1744846782.566945,1.6853973636363635
1744846809.8195555,1.7628783181818184
1744846829.9030066,1.7576446363636364
1744846850.200252,1.7974737727272727
1744846870.539199,1.7912578181818182
1744846891.0840092,1.693953681818182
1744846911.1655343,1.6969851363636363
1744846931.6280766,1.8424210454545453
1744846952.1617138,1.8720053157894736
1744846972.5038326,1.773243947368421
1744846993.078373,1.9076542777777779
1744847013.5896826,1.7967081764705881
1744847033.791054,1.8373159411764706
1744847054.620732,1.781067294117647
1744847074.960469,1.8372678823529411
1744847095.006138,1.9339652941176468
1744847115.6656017,1.8597321176470587
1744847136.0465777,1.867896705882353
1744847156.5099206,1.943208588235294
1744847177.604218,1.83945275
1744847198.1404426,1.71353025
1744847218.397367,1.6623085882352941
1744847239.0971456,1.658153
1744847258.9811034,1.7562748235294117
1744847279.8039324,1.733029705882353
1744847300.0909934,1.901184705882353
1744847320.4204872,1.6865951764705882
1744847340.8793633,1.7220978235294118
1744847361.1589293,1.862369
1744847381.3205504,1.733071529411765
1744847401.8272843,1.8903244705882354
1744847431.1950483,1.7953434705882352
1744847451.034381,1.9313174705882352
1744847471.2102168,1.770275588235294
1744847491.776034,1.8270017058823529
1744847511.6910427,1.740426
1744847531.9687455,1.702653705882353
1744847552.5339105,1.8536155882352943
1744847572.8610682,1.9578925882352942
1744847592.928782,1.8197512352941176
1744847613.1474795,1.929518882352941
1744847633.3822997,1.8089982222222223
1744847653.4983578,1.8627273333333332
1744847673.8663516,1.9499989999999998
1744847694.3656805,1.703510388888889
1744847714.6787782,1.7313719444444444
1744847735.382091,1.8974540555555555
1744847755.4632645,1.8406478333333334
1744847776.1763983,1.8424259444444442
1744847796.831531,1.704388
1744847817.130038,1.7502988823529413
1744847837.12194,1.6670246470588235
1744847857.7890177,1.7333306470588234
1744847878.088001,1.8396377222222222
1744847898.4223661,1.735366777777778
1744847918.926905,1.7271316666666667
1744847939.1095157,1.791734611111111
1744847959.591504,1.7447102777777779
1744847980.1620789,1.8528411111111112
1744847999.9648004,1.9120986666666668
1744848020.1467767,1.9558151666666665
1744848040.4447985,1.8647231666666666
1744848060.9598784,1.6055036470588233
1744848081.3121998,1.8445468823529412
1744848101.681419,1.622784588235294
1744848121.8587906,1.8805604444444444
1744848142.3145318,1.8284947777777778
1744848162.6312945,1.6913746666666667
1744848183.126081,2.0694362777777777
1744848203.1791272,1.925971
1744848223.3803978,1.7035742777777778
1744848243.5891635,1.618632111111111
1744848263.6301017,1.9238866842105262
1744848284.3505962,1.8297085789473684
1744848304.8642135,1.8531274736842103
1744848325.3466792,1.703704947368421
1744848345.4743247,1.8430256
1744848367.726227,1.79328215
1744848388.234018,1.9644321999999999
1744848408.3625433,3.4377933999999994
1744848428.4380844,1.8384334500000001
1744848448.640598,1.7664296
1744848472.1012602,1.9086187894736841
1744848492.6278706,1.8995583157894738
1744848512.8321393,1.5617838421052632
1744848533.0206153,1.777594
1744848552.894542,1.8726530555555554
1744848573.0288804,1.7859997368421054
1744848593.7047143,1.9640934736842106
1744848613.7861695,2.0251395789473685
1744848634.4907246,1.8273305263157893
1744848655.1526697,1.8642979999999998
1744848675.6374555,1.7812693684210528
1744848696.1362872,1.7150924210526317
1744848716.826894,1.9505217368421053
1744848737.201772,2.002189210526316
1744848757.5556185,1.8333627777777777
1744848778.3275883,1.8302042222222221
1744848798.2128232,1.9487599444444446
1744848818.5832283,1.96403255
1744848839.2277358,1.75412685
1744848859.7344494,2.11483935
1744848879.7920697,1.76291895
1744848900.1609201,1.7656040999999998
1744848920.8183792,1.8864459
1744848961.6981323,1.8412180500000002
1744848982.083378,1.78167465
1744849001.9271684,1.9758848421052633
1744849022.4452083,1.7713275263157895
1744849042.7484424,1.8182332631578948
1744849063.100412,1.91060375
1744849083.6307206,1.82698905
1744849103.647181,1.695103
1744849123.974921,1.7948714
1744849144.207846,1.7544192500000002
1744849164.0944495,1.85275595
1744849184.4046242,2.0440354
1744849204.6620693,1.68462705
1744849224.6634808,1.9055014
1744849245.1068375,1.7115152105263156
1744849265.4559593,1.5687452631578946
1744849285.9592605,1.9002366315789472
1744849305.8131368,1.8754977
1744849326.3483086,1.6274171
1744849346.8798163,1.8392036999999999
1744849366.9048333,1.92465665
1744849387.4365876,1.7640172
1744849407.8904274,1.8044917000000003
1744849428.1798575,1.9964670625
1744849448.7039328,1.7221155
1744849469.2560227,1.937250625
1744849489.6028738,1.517105625
1744849510.609527,1.7219618749999999
1744849531.0869348,1.7912951875
1744849551.3238213,2.1364654375
1744849572.3313322,1.8377861500000001
1744849592.6259644,1.79204125
1744849612.810823,1.661781
1744849632.9962492,1.8402031
1744849653.1778345,1.74970775
1744849673.1692328,2.03771025
1744849693.534129,1.75356025
1744849713.698562,1.90568565
1744849733.678754,2.0266661578947365
1744849754.167331,1.874186052631579
1744849773.9855735,1.7556093684210525
1744849793.948384,1.66987825
1744849814.8153472,1.8295032500000001
1744849835.4281802,1.85901645
1744849855.938774,1.9437532999999998
1744849876.3202217,2.1394459
1744849896.6460004,1.6962625500000001
1744849916.6654544,2.0086966
1744849937.037782,1.9939964499999998
1744849957.066283,1.72427055
1744849977.2492726,1.776094
1744849997.527365,1.8359845263157897
1744850017.5486715,1.8049080000000002
1744850037.7860134,2.0290024
1744850057.9677207,1.7477178947368421
1744850078.2996871,1.8873932105263156
1744850099.0744689,1.9029236315789475
1744850119.637716,1.6334600000000001
1744850140.0046487,1.7599787368421054
1744850160.3654394,1.8008163684210525
1744850180.8995106,1.9155185263157894
1744850200.7483773,1.6649432631578946
1744850220.6436527,1.8893917999999998
1744850240.8765998,1.7659083500000001
1744850261.0393076,1.8960775789473685
1744850281.057945,2.1225292105263156
1744850301.7015731,1.8563124736842105
1744850322.4474807,1.9814185789473682
1744850342.763655,1.9360173157894736
1744850363.429253,1.6524567368421053
1744850383.9759371,1.7828238571428572
1744850407.4435358,1.9526645454545457
1744850427.8558319,1.872915695652174
1744850447.8916,1.8204869166666666
1744850467.7593307,1.7726747083333334
1744850488.06709,1.8395777916666667
1744850508.0946584,1.8403264
1744850528.3378208,1.98377476
1744850548.4252675,1.86951804
1744850568.824726,1.7659795833333334
1744850588.8842473,1.8738307083333332
1744850619.7594132,1.7594930833333333
1744850640.2177856,1.7700229583333333
1744850660.5936553,1.704330125
1744850700.3888543,1.6751505000000002
1744850720.259722,2.0085048260869565
1744850740.510087,1.9364388695652175
1744850760.6623197,1.9264192999999998
1744850780.8603413,2.0754285
1744850801.1259978,1.6631145416666666
1744850821.480205,1.9187296086956522
1744850841.3964782,1.748508875
1744850861.7479062,1.734647625
1744850882.0884416,1.9585294583333335
1744850902.0739098,1.8781570416666666
1744850922.367367,1.777462625
1744850942.290643,1.996763695652174
1744850962.531471,1.701741
1744850982.697374,1.6124669130434783
1744851002.5559337,1.852683625
1744851022.9227533,1.7062634583333331
1744851042.993852,1.7767026666666668
1744851062.8524249,1.8055732916666667
1744851083.0021932,1.8898454583333333
1744851103.9375234,1.8945210000000001
1744851124.879903,1.9532805416666665
1744851146.5144906,1.6880285416666665
1744851168.0535634,1.745569125
1744851188.6222203,1.781188391304348
1744851209.066092,1.7414586521739128
1744851229.9362783,1.843315260869565
1744851250.0828595,1.8922976086956524
1744851271.197814,1.7868210454545455
1744851291.9860585,1.7649412272727274
1744851312.964465,1.7259940454545453
1744851333.576612,1.8483737272727274
1744851354.1008937,1.9715034090909092
1744851374.7413046,1.8158799545454547
1744851395.0269916,1.994310590909091
1744851415.3579423,1.8374550869565218
1744851435.7583053,1.805333391304348
1744851456.7348008,1.603098652173913
1744851476.997368,1.6558696086956521
1744851497.851696,1.9231583181818181
1744851518.150082,2.0964678636363634
1744851538.4553778,1.721578590909091
1744851559.0544648,2.067146863636364
1744851579.092177,2.006600318181818
1744851599.8777313,1.9748288636363638
1744851620.594346,1.8118819545454543
1744851640.7256925,1.7835071818181818
1744851661.602381,1.879054
1744851681.61307,1.882071181818182
1744851701.8394148,1.7866926363636362
1744851721.852641,1.9705744090909092
1744851741.932095,1.7945053181818182
1744851762.1184714,1.9596512727272726
1744851782.265095,1.8033820454545455
1744851802.6240664,2.006353818181818
1744851823.1199384,1.773767
1744851843.7093608,1.9828119545454543
1744851864.089655,1.8068263636363637
1744851884.2438872,1.9369676363636363
1744851904.6685405,1.6710348636363634
1744851925.1518028,1.7196144545454546
1744851945.8586783,1.9258671818181818
1744851966.629561,1.922970318181818
1744851986.6762037,1.8718833181818182
1744852007.4980078,1.7626951363636365
1744852027.6985052,1.6602255454545456
1744852047.9331753,1.8318415454545454
1744852068.3465056,1.8662536363636364
1744852089.4802127,1.9475908181818182
1744852110.403887,1.816688
1744852130.701796,1.7518124545454545
1744852150.8182626,1.6922427727272726
1744852171.01459,1.8873886363636365
1744852194.614513,1.8228627727272728
1744852214.8294413,1.6164996363636364
1744852235.0630999,1.707698
1744852255.5908184,2.0332569545454544
1744852276.1365106,1.8124029545454545
1744852296.3113742,1.7352492727272726
1744852317.482578,1.9839598181818183
1744852337.7045498,1.891669090909091
1744852358.2553453,1.7074751818181817
1744852378.7352073,1.7162282272727274
1744852399.038349,1.8963069545454545
1744852419.1508586,1.9797635
1744852439.1247346,1.7040557727272727
1744852460.132532,1.9329676363636366
1744852480.9299912,1.835788
1744852501.1330528,1.7115654545454546
1744852521.7298806,1.838404909090909
1744852541.9258926,1.9316787272727274
1744852562.0848489,1.8308940454545455
1744852582.4212382,1.8263588695652173
1744852602.8793788,1.839090695652174
1744852623.3530912,1.8060281739130435
1744852643.8193312,1.9115699565217392
1744852664.2173529,1.8555492173913044
1744852684.9940941,1.8101783043478261
1744852705.137148,1.8297186086956523
1744852725.8084996,1.8904344347826088
1744852746.0641398,1.9650899999999998
1744852766.9858913,1.8291801304347826
1744852787.2894583,1.8061275652173914
1744852807.359677,2.0979625
1744852827.4730377,1.7476044545454548
1744852847.7324214,1.7900430454545455
1744852868.6371713,1.7884520000000002
1744852889.1787,1.826467909090909
1744852909.2197306,1.7204819130434783
1744852929.0774598,2.0100654782608696
1744852949.1108475,1.8045238260869565
1744852970.0081303,1.8898296086956523
1744852990.2276354,1.981279909090909
1744853010.5396554,3.064029818181818
1744853031.2788491,1.858442
1744853051.6333923,1.7029107727272725
1744853072.4753335,1.8498345217391303
1744853092.3407407,1.8077950434782608
1744853113.2862968,1.8198453043478262
1744853133.3912947,1.9146505217391305
1744853153.8951697,1.786306956521739
1744853174.5943203,1.810668652173913
1744853194.9163737,1.969661956521739
1744853215.7391303,1.719255
1744853235.9094539,1.6785910454545456
1744853256.355323,1.8435091363636362
1744853276.830202,1.9541602272727274
1744853297.1451466,1.7733594545454545
1744853317.7966642,1.6702194782608695
1744853338.2177527,1.9045065217391304
1744853359.0949175,1.821664260869565
1744853380.109606,1.731156956521739
1744853400.3164678,1.8875176842105263
1744853420.4134877,1.8634243913043478
1744853441.134858,1.862837043478261
1744853461.1401877,1.6890029999999998
1744853481.7659464,1.857198608695652
1744853502.2977943,1.832604590909091
1744853522.1779037,1.590795
1744853541.9995108,1.6993108181818182
1744853562.086873,1.959012347826087
1744853582.2560318,1.7309877826086957
1744853602.6384275,1.9936292608695652
1744853623.2569065,1.7145129565217392
1744853643.823161,1.7451196956521737
1744853664.0344427,1.8280138695652175
1744853684.7793758,1.8226977391304346
1744853705.1327069,1.8931531304347826
1744853725.867682,1.84778
1744853746.0878608,1.6790888636363634
1744853766.519899,1.6912856363636364
1744853786.7333531,1.9825126363636363
1744853807.2781327,1.740048347826087
1744853827.3079767,1.9206218695652175
1744853847.8611739,1.8891416086956523
1744853868.0663536,2.0026383913043477
1744853888.254082,1.7821857826086958
1744853908.8464859,1.8737295652173913
1744853929.1164122,1.8065350434782608
1744853949.5776944,1.8021024782608697
1744853970.1003585,1.7582580869565219
1744853990.3331614,1.7455533478260872
1744854010.8084397,1.9577635217391305
1744854031.1151116,1.7752177391304347
1744854051.347139,1.7660711739130435
1744854071.4907339,1.8489549130434781
1744854091.8802254,1.6240978260869565
1744854111.8865108,1.6786951739130433
1744854131.797422,1.6782317391304349
1744854152.1522455,1.9378991304347826
1744854172.2215867,1.898931608695652
1744854192.3306606,1.747008391304348
1744854212.3241534,1.9126482608695652
1744854232.3631873,1.726359565217391
1744854252.7779765,1.823407608695652
1744854273.721755,2.13696252173913
1744854294.1682615,1.8302776521739132
1744854314.1448035,1.751578043478261
1744854334.713985,1.8604387826086957
1744854355.2882278,1.8523845217391304
1744854375.6020758,1.7612051304347824
1744854395.5972748,1.8594135652173913
1744854416.0861437,1.7345350000000002
1744854445.9661891,1.770432043478261
1744854466.1566465,1.7277770869565217
1744854486.555182,1.9876352608695653
1744854506.8827758,1.7460539130434782
1744854526.7586193,1.656151
1744854547.136731,1.9072462173913045
1744854567.5467055,1.8090947391304346
1744854587.7649202,1.9153319565217393
1744854608.56172,1.8974244782608696
1744854628.458412,1.8833585217391302
1744854648.5470967,1.9608583478260868
1744854668.935251,1.9110987826086956
1744854689.0357356,1.9533669130434783
1744854709.0937963,1.8715712173913044
1744854729.8499243,1.7450103043478262
1744854750.2046452,1.7258821304347827
1744854770.177535,1.7304164782608695
1744854790.1768277,1.8343080869565218
1744854810.360488,1.9054896086956523
1744854830.3508747,1.7956253478260868
1744854851.1787903,1.725564391304348
1744854871.7603164,1.7777715217391303
1744854892.1377141,1.8383189565217393
1744854912.7695997,1.6609369565217391
1744854932.820041,1.6012387391304348
1744854953.3366694,1.9969079130434784
1744854973.899252,1.9793909565217391
1744854994.6300697,1.8260357391304347
1744855014.5250356,1.6390046521739132
1744855034.8540452,1.7923045217391305
1744855055.463554,1.7670075217391306
1744855075.658182,1.797856
1744855095.8302498,1.8054520869565218
1744855116.1134865,1.768123695652174
1744855136.4552608,1.9519822608695652
1744855157.1279662,1.8108797391304348
1744855176.9894369,1.6235081739130435
1744855196.8450081,1.8422001739130436
1744855217.6629047,1.7430212608695652
1744855237.8507683,1.8381129999999999
1744855258.0672994,1.9525582173913043
1744855279.2593133,1.7736312173913042
1744855299.6442366,1.642813695652174
1744855319.669817,1.9305652608695654
1744855340.4031315,1.9401278260869566
1744855360.473601,1.7523348260869565
1744855381.0647914,1.9297501304347826
1744855401.9419992,1.8565922608695653
1744855422.7822027,1.9410219090909093
1744855443.0664434,1.7744382272727273
1744855463.6680367,1.6422213181818182
1744855484.108264,2.0065244545454544
1744855504.320323,1.856227681818182
1744855524.647904,1.8573464545454548
1744855544.8799753,1.7610054545454545
1744855565.0627291,1.7497927727272726
1744855585.7875676,1.6217159545454545
1744855606.8924148,1.9917086363636365
1744855628.0467207,2.0133354090909092
1744855649.554764,1.9716194347826088
1744855670.4017227,2.145045217391304
1744855690.7816968,2.1087248695652177
1744855711.3790596,2.0159823913043478
1744855731.568053,1.7366763913043477
1744855751.6237798,1.8718880434782608
1744855772.6216278,1.913331652173913
1744855792.9002106,1.7799511739130434
1744855813.1397665,1.8402799130434784
1744855833.2243435,1.783202347826087
1744855853.0662856,1.973974739130435
1744855873.1292303,1.8999121304347824
1744855893.684046,1.6966946818181818
1744855914.0844002,1.9141020454545454
1744855934.6724885,1.931920409090909
1744855955.0101883,1.7414756363636363
1744855975.0986075,1.7963681818181818
1744855995.9858549,1.9785819090909091
1744856016.056736,1.7630659545454543
1744856036.4089587,1.7350439545454543
1744856056.4981656,1.8117505
1744856077.5541294,1.695345409090909
1744856097.7912345,1.7066251363636362
1744856118.099102,1.8425037727272728
1744856138.6540306,1.8800845454545454
1744856158.9059956,1.6360625909090911
1744856179.5709088,1.8805749545454544
1744856199.737835,1.9511257142857144
1744856220.1287158,1.8613223333333333
1744856240.7735112,1.7724755714285714
1744856261.4570842,2.015429523809524
1744856281.8409102,1.7983219523809524
1744856301.8915277,1.8500043809523812
1744856322.0160742,1.8559476666666668
1744856342.3078058,1.8437655714285714
1744856363.2005603,1.8769665714285713
1744856383.7575,1.8691732857142858
1744856404.2812366,1.8167468571428573
1744856424.5994818,1.7958388095238096
1744856445.0952053,1.7639887142857142
1744856464.9781358,1.9195448571428573
1744856485.035297,1.7181886666666666
1744856505.404675,1.9454515714285716
1744856525.5776515,1.9661187142857144
1744856545.6007075,1.7035450952380953
1744856566.1334624,1.8334020476190478
1744856586.0417042,1.8768399523809525
1744856606.0649855,1.6941823333333335
1744856626.7221074,1.8618440952380952
1744856647.0132298,1.9008573333333334
1744856667.4909563,1.6607915238095237
1744856688.1006107,1.9189489999999998
1744856708.127104,1.7897108095238097
1744856728.1219265,1.8154281904761906
1744856748.2916245,1.9746915238095237
1744856768.8172705,1.7536735714285716
1744856788.8481123,1.7144522857142857
1744856809.2347603,1.7598048571428573
1744856829.3847194,1.7256872380952382
1744856849.6388538,1.6905000476190477
1744856870.2050228,1.8674492857142855
1744856890.21589,1.8247369130434783
1744856910.3021917,1.8669631304347825
1744856930.3426316,1.7872541304347827
1744856950.3425531,2.001747695652174
1744856970.6864786,1.770866043478261
1744856991.1625848,1.7105294782608695
1744857011.3808422,1.9736377826086957
1744857031.7503483,1.8741430434782607
1744857051.7587397,1.6878441304347824
1744857071.908156,1.867655956521739
1744857091.823766,1.7919847391304347
1744857112.1646733,1.7886851304347826
1744857132.5392544,1.8339374347826085
1744857152.6270635,1.7864039999999999
1744857172.9894133,1.7829224
1744857193.4747422,1.68437105
1744857213.6572032,1.7202855
1744857234.5374022,1.8120091500000002
1744857255.0742004,1.93825125
1744857276.429191,1.7609334999999997
1744857297.7706735,2.00989005
1744857318.6961715,1.8258741578947368
1744857339.842463,2.0252197894736845
1744857361.1058755,1.8148114210526316
1744857381.9802372,1.8836906842105263
1744857402.8853083,1.8734676315789476
1744857423.7485812,1.979789105263158
1744857447.9027255,1.876523888888889
1744857468.8618522,1.8196458888888887
1744857489.4202576,2.003092388888889
1744857509.6621408,1.8222981666666667
1744857529.5725148,1.6617539444444445
1744857549.8398185,1.761657888888889
1744857570.3938591,1.9743106666666665
1744857590.576445,1.9710772222222224
1744857611.2455373,2.0843926111111113
1744857631.9141197,1.7780387777777777
1744857652.053157,1.7121088235294117
1744857672.351472,1.948566882352941
1744857692.9902356,1.8536859411764706
1744857713.402816,1.8625079411764704
1744857733.7027397,1.9424855882352943
1744857754.0228317,1.9007616875
1744857774.5289423,1.719238357142857
1744857794.6696882,1.8079181538461537
1744857814.802,1.9163314615384617
1744857836.056972,1.5042303076923078
1744857856.4343512,1.617375
1744857876.6923168,1.6772871538461538
1744857896.5498836,1.8025513076923079
1744857916.9262831,1.708049846153846
1744857937.068929,1.6666442307692306
1744857957.2343354,1.9948913076923076
1744857977.776206,1.920546076923077
1744857997.9718668,1.6280624615384616
1744858017.9888809,1.667643923076923
1744858038.1524298,1.8195739999999998
1744858058.3159819,1.9369374615384616
1744858078.8815804,1.7184731538461537
1744858099.4713347,1.9682385714285713
1744858119.805154,1.872931142857143
1744858139.8520293,1.7884955714285715
1744858160.2712777,1.9165147857142857
1744858180.852132,1.8121677857142857
1744858201.1794808,1.8389984285714287
1744858221.8868074,1.853664142857143
1744858242.2059252,1.928454857142857
1744858262.705934,1.8597562857142858
1744858283.5324614,1.8577745714285714
1744858303.9887843,1.8115654285714287
1744858324.6382668,1.8985906428571429
1744858344.856597,1.8647639285714284
1744858365.4052494,1.8693312857142856
1744858386.0446603,2.048350642857143
1744858406.2582924,1.943309
1744858426.93406,1.7699504285714285
1744858447.4678988,1.7700767857142858
1744858467.8616712,1.8487862857142858
1744858488.3694992,1.8344477142857143
1744858508.3921115,1.7314120714285715
1744858528.8730857,1.8798491428571429
1744858549.3580134,1.8962668571428571
1744858569.9775918,1.6400557142857142
1744858590.468512,1.8871427142857142
1744858610.6312478,1.8949706428571427
1744858630.8154027,1.9020572142857142
1744858650.9538026,1.830308
1744858671.1472652,1.8139146428571429
1744858691.433063,1.814511357142857
1744858712.2472708,1.7701287857142858
1744858732.783854,1.9379284285714287
1744858752.9505951,1.7678364285714285
1744858773.4670022,1.8088209285714285
1744858793.7130778,1.9304120714285715
1744858813.8969357,1.7120944285714288
1744858834.038192,1.9907483571428572
1744858853.9278154,1.7401415
1744858874.2802322,1.8256623571428572
1744858894.7455611,1.9311007142857142
1744858915.2348812,1.8465919999999998
1744858935.6021705,1.6996795714285715
1744858956.3883436,1.7516187142857143
1744858976.2909012,1.8868960000000001
1744858996.4287498,1.8522257692307693
1744859016.601512,1.7670982307692307
1744859037.1742482,1.6548645384615384
1744859057.7546573,1.7156861538461539
1744859077.7810128,1.9631763076923077
1744859097.8470545,1.891732153846154
1744859118.5323167,1.5883746153846152
1744859138.788543,1.8675496153846152
1744859158.9815392,1.9572173846153846
1744859178.8941355,1.8831753846153847
1744859199.693091,2.010785923076923
1744859220.3279572,1.989785923076923
1744859240.8342378,1.7567542307692308
1744859261.565749,1.7538828461538463
1744859282.1855881,1.8395692307692308
1744859303.1004817,1.7431946923076924
1744859323.6845143,1.8211041538461539
1744859343.8468955,1.6428954615384617
1744859363.8746471,2.0600932142857142
1744859384.4491751,1.8121429285714286
1744859408.17548,1.5791057142857141
1744859428.3019962,1.7357070714285714
1744859448.6407611,1.8966440714285715
1744859468.553904,1.9062032857142857
1744859488.6381261,1.7361310714285716
1744859509.500048,1.8344714285714285
1744859530.1334605,1.7535684285714286
1744859550.3756402,1.8558186428571428
1744859570.8103197,1.9165627857142857
1744859590.7841156,1.8058395
1744859611.1206763,1.6254106428571427
1744859631.1382284,1.7335727857142857
1744859651.6662853,1.962525642857143
1744859672.1703827,1.953293857142857
1744859692.8054588,1.8176050714285714
1744859713.0109854,1.7656784285714284
1744859733.6681752,1.7606130714285713
1744859754.4833002,2.239743
1744859774.8646579,1.8422332142857143
1744859795.902339,1.7908699285714285
1744859816.1528864,1.733952
1744859836.392336,1.9490104285714285
1744859857.0768087,1.9482815714285715
1744859877.62316,1.628726142857143
1744859898.110457,1.9557260714285714
1744859918.611438,1.750083857142857
1744859938.770138,1.757217357142857
1744859958.6567721,1.9636592857142856
1744859978.8812997,1.8851595
1744859998.7219086,1.8048370714285713
1744860019.5976777,1.858938
1744860039.6677835,1.9705095000000001
1744860059.6638823,1.8935268571428572
1744860079.836906,1.8428717857142856
1744860100.4755971,1.873552857142857
1744860120.5655587,1.9326937142857141
1744860140.814661,1.710259857142857
1744860161.3415692,1.7756077857142858
1744860181.7014792,1.7835674285714287
1744860222.2427037,2.0364031428571425
1744860243.198435,1.8534835714285713
1744860263.2630827,1.9828133571428572
1744860284.3698826,2.0449689285714285
1744860304.8672287,1.9820364285714285
1744860324.8696342,1.6046900714285715
1744860349.4527926,1.793834142857143
1744860370.5440762,1.8480560714285714
1744860390.7563508,1.7783645000000001
1744860411.0718124,1.9106164285714284
1744860431.8620543,2.014865357142857
1744860452.2405016,1.8855422142857141
1744860472.2991931,1.8727648
1744860492.639476,1.6985259333333333
1744860513.4731812,2.0005265333333333
1744860533.9499125,2.0010461999999998
1744860554.0115094,1.8738967333333332
1744860574.490033,2.0906964666666665
1744860594.643668,2.0026859333333333
1744860615.4599254,2.0155000000000003
1744860636.1598034,1.9547876666666668
1744860656.8041523,1.7872577142857142
1744860677.565508,1.8602657647058822
1744860698.015265,2.03606825
1744860718.8148417,1.868980375
1744860739.735278,1.8581679375
1744860760.560974,2.02005175
1744860780.7763724,1.9873368235294118
1744860801.5920663,2.0600073125
1744860821.6528282,1.7929536875
1744860842.4997983,1.9892635625
1744860862.561436,2.0703151764705883
1744860883.0242407,1.866505875
1744860903.577778,1.9639025625
1744860924.4554472,1.8590455625
1744860945.3509517,1.8044370625
1744860965.3904204,1.8573744705882351
1744860985.9506161,2.089289058823529
1744861006.7688372,1.9795230588235295
1744861027.296332,2.034288117647059
1744861047.3595285,1.8382268823529413
1744861067.576195,2.0753575294117645
1744861088.084804,1.7800178235294117
1744861109.0762398,1.8878705882352942
1744861130.1849792,1.969299176470588
1744861150.2977252,1.7738516875
1744861170.5424285,1.8532674375
1744861198.0570962,1.7427204444444446
1744861218.1229248,1.8493852499999999
1744861238.1274185,1.970167619047619
1744861258.4969747,1.9378372173913043
1744861278.9289744,1.8404191304347826
1744861299.9656222,2.052728304347826
1744861320.2558475,2.0118258260869566
1744861341.120029,1.7903686521739128
1744861361.7771523,1.7399047727272725
1744861382.4484363,1.7950927826086958
1744861402.618893,2.015589739130435
1744861422.8648977,1.91701
1744861442.9471955,1.8245575
1744861465.0179594,1.9063020909090909
1744861485.6878622,1.961977909090909
1744861505.8967373,2.0589645
1744861525.800149,1.7742624545454546
1744861546.1499534,1.8368453636363637
1744861566.8954887,1.93388
1744861587.4575663,1.8619591818181818
1744861608.1763432,1.852141909090909
1744861628.4094796,1.8717271904761903
1744861648.739816,2.2505515714285713
1744861669.6260157,1.7993427142857144
1744861690.4219868,1.7767569545454547
1744861710.7989237,1.8678469999999998
1744861731.0346708,2.040067681818182
1744861751.5173643,1.750618090909091
1744861772.1960285,1.9098304545454545
1744861793.9850368,1.9898933181818181
1744861814.1053162,1.9614386363636365
1744861834.1272569,1.9257039999999999
1744861854.1814592,1.777616909090909
1744861874.4173834,1.8594065714285715
1744861894.7929232,1.7889327142857145
1744861915.3302128,1.9794728095238094
1744861935.3620021,2.093990909090909
1744861955.2925887,1.9689421818181818
1744861976.3674564,2.1105935
1744861996.2506175,1.9209916818181818
1744862017.4846337,1.8347211363636362
1744862037.9785903,1.8998236818181817
1744862058.3823543,2.0896725454545457
1744862079.2339404,2.0897687727272727
1744862099.984719,1.9585004090909093
1744862120.4594147,1.8408450476190477
1744862140.8194308,1.7749854285714284
1744862161.141693,1.955456
1744862181.5388384,1.7976241818181817
1744862202.3327756,1.8697990909090907
1744862223.230183,2.0670604999999997
1744862244.1587293,2.0596204545454544
1744862264.3285468,1.9453309545454545
1744862284.3855653,1.8654065000000002
1744862304.4263778,1.9721010454545456
1744862324.8331168,1.9596342727272726
1744862345.6243799,1.8066813913043478
1744862366.273209,2.0264726956521737
1744862386.481696,1.9934256363636365
1744862407.235573,1.7494975000000001
1744862427.1135077,1.8785115217391304
1744862447.3106942,1.958593043478261
1744862468.108306,1.8308957826086956
1744862488.2202594,1.8353881739130435
1744862509.0183773,1.8468182173913044
1744862529.6302202,1.9804985652173914
1744862549.972284,1.7847761304347824
1744862569.910275,1.9902799545454544
1744862590.6722524,1.9514878181818183
1744862611.582776,1.8707271904761906
1744862631.716242,1.8411136190476192
1744862652.0474696,1.9285360476190476
1744862673.1490874,1.940754181818182
1744862693.7012277,1.974712409090909
1744862714.7938437,1.8542091363636362
1744862735.8002386,1.8773029565217392
1744862756.1439729,1.935096
1744862776.5775707,2.0142448695652173
1744862797.2660503,1.818190652173913
1744862817.9247491,1.916904608695652
1744862838.487113,1.8140777391304348
1744862858.5677578,1.9636758636363636
1744862878.7471745,1.6716260909090908
1744862899.73034,1.8237624545454545
1744862920.4005888,1.822735304347826
1744862941.243491,1.9775513478260869
1744862961.6577954,1.8736550434782608
1744862981.8872128,1.9740500434782609
1744863002.1523678,1.9977120869565217
1744863022.2713685,1.8555013913043479
1744863042.7514493,2.002127227272727
1744863062.9047754,1.942244318181818
1744863083.83486,1.8944601304347828
1744863104.3078394,1.7716165217391304
1744863124.7250123,2.010084
1744863145.3097467,2.0124778260869567
1744863165.5434234,1.9375857826086957
1744863186.063086,1.7820828260869563
1744863206.9376411,1.966459347826087
1744863227.1931365,1.9430653913043476
1744863247.6831923,1.642537304347826
1744863267.7149632,1.8841312173913043
1744863287.5388896,1.997208043478261
1744863307.7859597,1.918649181818182
1744863328.181523,1.944441181818182
1744863348.846674,1.8572336363636361
1744863369.1483338,1.7985262272727274
1744863389.5791357,1.8703845454545454
1744863409.8243015,2.0051097272727274
1744863430.7401972,1.8075230909090907
1744863451.0421317,1.987197090909091
1744863471.3601,2.1780399999999998
1744863491.4555893,1.844485304347826
1744863512.0603316,1.8186240869565216
1744863532.814657,1.937320304347826
1744863553.1704082,1.8490608260869565
1744863574.0628157,1.709945304347826
1744863595.1400003,1.8194437826086955
1744863616.25115,1.8750135217391304
1744863637.407706,1.9472981304347827
1744863658.7917154,2.0844412173913045
1744863679.339763,1.9600709090909092
1744863700.0631785,2.0084934347826087
1744863720.495543,1.8558294545454546
1744863741.6679845,1.710336590909091
1744863762.2603462,1.8511303181818184
1744863782.8714783,2.0278533636363636
1744863803.4652383,1.9752131818181817
1744863824.2153192,1.8911387272727274
1744863845.1141143,1.9691147826086957
1744863865.7198348,2.0278851739130435
1744863886.858952,2.0091558695652174
1744863907.7023532,1.957587
1744863928.8961089,1.9561887727272727
1744863949.8649385,2.0241692272727274
1744863970.4579623,1.8216361363636364
1744863991.4795835,1.7967919545454547
1744864012.4785776,1.981507181818182
1744864033.139842,2.004796590909091
1744864053.6707187,1.9047310454545454
1744864074.5010226,2.0102368636363637
1744864095.037972,1.9102994782608698
1744864115.7859328,1.8252961304347826
1744864137.007288,2.1643992173913045
1744864157.7597165,2.030297772727273
1744864178.6721227,2.0578029090909093
1744864199.8221145,1.9093689545454546
1744864220.552823,1.8793916363636363
1744864241.2250369,1.7743516818181817
1744864262.3536613,1.952360909090909
1744864282.8876064,1.7567800454545455
1744864304.5077462,1.964971227272727
1744864325.5416203,1.9596032272727273
1744864346.0893254,1.9168576086956521
1744864367.1719213,1.8395762608695652
1744864387.920353,1.9556789130434782
1744864408.3521585,1.9327094090909092
1744864429.2794588,1.9178075454545456
1744864450.1346369,1.988493909090909
1744864470.6065364,2.1197965
1744864491.4305491,1.9225654545454545
1744864512.4343896,1.8517139999999999
1744864533.75813,2.0023506818181818
1744864555.2314832,2.0688216363636367
1744864576.0967374,1.6261499565217392
1744864596.285089,1.7688221304347826
1744864616.667553,1.944073
1744864637.269504,1.8470515217391306
1744864657.6759667,1.9594650454545457
1744864678.5108752,1.9596286086956523
1744864698.9720874,1.8136043478260868
1744864719.6287377,1.783107304347826
1744864740.8821445,1.8896102608695653
1744864762.0386539,1.8927998695652173
1744864782.4536054,1.9887428695652176
1744864803.3518515,4.0493167272727275
1744864824.4003382,1.9194360869565217
1744864845.2947948,1.7336712608695652
1744864865.5340607,1.7428157391304346
1744864886.8134816,2.0492435652173913
1744864907.1672244,2.0090433181818184
1744864927.4449654,1.9658301818181818
1744864948.232697,1.8170207727272727
1744864969.18212,2.032338090909091
1744864989.3616893,2.1484164545454547
1744865010.5494606,1.7556997272727273
1744865031.5561576,1.8251927727272728
1744865051.9210703,1.7673118181818182
1744865072.2555835,1.878420818181818
1744865093.3295949,1.9533845454545455
1744865113.8593524,1.9340038636363637
1744865134.6269312,1.7459283636363636
1744865156.1123734,1.924719681818182
1744865176.1489315,1.827124818181818
1744865196.5700984,2.080536409090909
1744865217.1531591,1.8420977727272727
1744865237.7941577,1.7077743636363636
1744865258.8183947,1.9010099090909092
1744865279.1075869,2.066529681818182
1744865299.8048346,1.8957046818181817
1744865319.9664488,1.7302162727272725
1744865340.0759523,1.873270590909091
1744865360.1426136,1.9528407272727273
1744865380.7422638,1.7520784545454546
1744865401.8985503,1.9333077272727273
1744865423.1505182,1.882293
1744865443.311639,1.9541975
1744865463.6130636,2.0136463636363637
1744865484.7877696,1.8714585
1744865505.754999,1.7966591818181818
1744865525.7656705,2.034000227272727
1744865546.299254,1.8832717272727273
1744865567.2981277,1.734340681818182
1744865587.6632504,1.8818335454545454
1744865607.7757366,2.0039504545454547
1744865628.3553338,1.7805301818181818
1744865649.0746038,1.8670393181818183
1744865669.375146,2.1344388636363636
1744865689.7324102,1.9686031818181817
1744865710.2074008,1.7124272272727274
1744865731.2051823,2.1962868636363635
1744865752.3001616,2.082402681818182
1744865772.7407198,2.0490730454545454
1744865793.454466,1.7734760454545453
1744865813.969596,1.7355906818181817
1744865834.1968322,1.8304019545454544
1744865854.7942483,2.0011217727272728
1744865875.1525824,1.8209781818181818
1744865895.3643312,1.8126269545454543
1744865915.8616405,2.0016651363636364
1744865935.909579,1.9177037727272728
1744865956.8428762,1.7762499999999999
1744865977.110114,1.9167638260869566
1744865997.2312906,2.047955869565217
1744866017.7339883,1.7382280869565219
1744866038.0125453,1.9528615652173913
1744866058.7175863,1.946824391304348
1744866079.300013,1.8851951304347825
1744866099.3714368,1.873181608695652
1744866119.658311,1.8245198260869566
1744866139.8257487,1.7376392173913044
1744866160.3328207,1.9234833478260869
1744866180.6050117,2.7835641304347827
1744866200.8902183,1.9260831304347825
1744866221.3201444,2.050355045454545
1744866241.4199996,1.8637190454545454
1744866261.6622849,2.0780289545454544
1744866281.9248972,1.8304067272727274
1744866302.4968572,1.7632273636363636
1744866323.6752388,1.948203409090909
1744866343.713494,2.033741181818182
1744866364.6142018,1.8245893181818182
1744866384.6621258,1.895652409090909
1744866404.8695724,2.0458986521739133
1744866425.3415601,1.9502511739130437
1744866445.869992,1.8105203043478262
1744866466.2137582,2.0635445652173914
1744866486.63159,1.9243261818181816
1744866506.9703941,1.7596285454545453
1744866527.0771306,1.6034308181818182
1744866547.8967009,2.073102090909091
1744866568.5541434,2.000416181818182
1744866589.1950154,1.9524852727272728
1744866609.5315957,1.8882505454545453
1744866629.7250102,2.1289199545454545
1744866650.3972936,1.933244409090909
1744866671.6202285,1.8897015217391304
1744866692.1111376,2.046775826086957
1744866713.1358454,1.8499253913043479
1744866735.197356,1.9340505000000001
1744866756.9747987,1.8072110000000001
1744866778.5685658,1.9006135909090909
1744866799.436857,2.0053677727272725
1744866819.3457625,1.7923372727272728
1744866839.545603,2.025065136363636
1744866860.4268234,1.9505522272727271
1744866880.5587633,1.875497590909091
1744866900.882237,2.0204197272727273
1744866920.9790633,1.8229729130434782
1744866941.3139572,1.8351646086956521
1744866961.6634674,1.873204695652174
1744866982.5592074,1.9179442727272729
1744867003.153304,1.9650155
1744867023.7411482,2.0082103636363637
1744867044.6098416,1.978240590909091
1744867065.3043568,1.7980974545454544
1744867086.06113,2.0249871363636363
1744867106.5349412,2.0590378181818183
1744867126.8478591,2.0020445
1744867146.995574,1.8066916086956524
1744867167.7451668,1.821448956521739
1744867188.6725187,1.879119
1744867209.312995,1.895771695652174
1744867229.7330704,1.9355001363636364
1744867249.8986452,1.885262590909091
1744867270.7849185,2.001332227272727
1744867291.7883322,1.9452168181818181
1744867312.6091094,1.8290856363636365
1744867333.226657,1.918127090909091
1744867353.9618864,1.8782089999999998
1744867374.4173486,2.1306350454545453
1744867394.7912004,2.128955043478261
1744867415.3407462,1.8031809565217392
1744867435.8853712,1.877553695652174
1744867455.8810556,1.889753304347826
1744867476.5402474,1.762433956521739
1744867496.9916043,1.774179652173913
1744867517.382176,1.880206260869565
1744867538.416048,2.0218195217391304
1744867558.7725961,1.962797652173913
1744867578.8835182,1.6633650000000002
1744867599.5245569,1.984825
1744867619.8785465,1.9581893478260868
1744867640.072659,1.7862682173913045
1744867660.3241432,1.83609
1744867680.5097342,1.9776057826086955
1744867700.9728832,1.711607739130435
1744867721.1937902,2.0114249130434785
1744867741.4031725,2.0482978695652174
1744867761.2693715,1.7809926086956522
1744867781.605253,1.941699608695652
1744867802.0552738,1.8812991739130434
1744867821.9376,1.7081385652173915
1744867841.8797731,1.8966089999999998
1744867862.5174897,1.7741262173913044
1744867883.1516404,1.8825775652173913
1744867903.9881713,2.075107565217391
1744867924.0063467,1.8792803043478261
1744867944.5800023,1.7761122608695654
1744867964.709371,1.9064636086956523
1744867985.4373736,1.7798429130434783
1744868005.9871168,1.9568523913043478
1744868027.190274,1.998569681818182
1744868048.0570805,1.7570969
1744868069.0368068,2.09538225
1744868089.532507,2.0166838
1744868110.0485532,1.8332047500000002
1744868130.6413655,1.8100618571428573
1744868151.0571544,1.8812195789473685
1744868171.4154108,1.889962263157895
1744868191.4283917,1.9630765789473683
1744868212.0577052,1.7688793157894738
1744868232.1788416,1.8790258947368421
1744868252.459021,1.8797949500000002
1744868272.597773,2.0452708
1744868292.968128,1.7215572
1744868313.5756702,1.8407291000000001
1744868334.5786116,1.99647115
1744868354.8842902,2.0302464000000002
1744868375.5362763,1.8194396999999998
1744868396.4459765,1.833459
1744868417.2777214,1.8665505
1744868437.4459136,1.78260245
1744868458.2077348,1.80233055
1744868478.6167917,2.2283131000000003
1744868498.4826233,2.0926854500000003
1744868518.60319,1.76653555
1744868538.5370307,1.8343918421052632
1744868558.3529227,1.8469470588235293
1744868579.419462,1.74388425
1744868599.6463053,1.6727338
1744868619.9329853,2.113862357142857
1744868640.6700823,1.9907054285714287
1744868661.6338596,1.9442279285714286
1744868682.1028519,1.9188779999999999
1744868702.8568404,1.8389572142857145
1744868723.5369816,1.7732175
1744868743.7445598,1.9822328571428571
1744868764.392614,1.951535
1744868784.6806343,2.0003335
1744868805.009294,1.7796001428571429
1744868825.2376237,1.6751924285714286
1744868845.8830156,2.0712012142857144
1744868866.3963108,1.9754533571428572
1744868886.914272,1.8897562857142858
1744868907.0054579,1.7066979999999998
1744868927.3533962,1.8882813571428572
1744868947.9146075,1.8421298571428573
1744868968.621707,1.9948711428571428
1744868988.8867836,1.7986207857142857
1744869009.2667615,1.811408785714286
1744869029.088664,1.8573677857142858
1744869049.4375305,1.9486257857142857
1744869069.8183272,1.6770571428571428
1744869089.8226173,2.005266642857143
1744869109.9293666,2.0511686428571427
1744869130.9968097,1.6595055
1744869151.172776,1.722047642857143
1744869171.8844187,1.8690590714285715
1744869192.642215,2.0600120714285715
1744869212.9007547,2.291212642857143
1744869233.1103477,2.1185167857142857
1744869253.8940034,1.683045142857143
1744869274.065637,1.6856767857142856
1744869295.1905367,1.9707560714285715
1744869315.8060253,2.0299052142857144
1744869335.9555686,2.0956796428571427
1744869356.4826703,1.7060935
1744869377.4343867,1.7644441428571427
1744869398.5833774,1.6693202142857142
1744869419.3557708,1.649718
1744869440.198046,2.0071122142857143
1744869461.1558042,1.919535642857143
1744869481.5969157,1.9782098571428572
1744869501.8332598,1.9776743846153846
1744869521.7890706,2.017929230769231
1744869542.1358733,1.552853076923077
1744869563.2196374,1.922204214285714
1744869583.70491,1.8122657857142859
1744869604.1120715,2.041846571428571
1744869625.2644618,1.926186
1744869646.1658638,1.932016357142857
1744869666.775506,1.9440362857142859
1744869687.775431,1.6659172857142859
1744869707.9614034,1.7780565714285714
1744869727.7935047,1.8146735714285713
1744869748.217046,2.045562357142857
1744869768.1068518,1.9444240714285714
1744869788.5714197,1.7395675714285714
1744869809.1743195,1.9702
1744869830.652886,2.1203739285714285
1744869851.7576504,2.0628399285714285
1744869872.3870623,2.1174044285714286
1744869892.9390295,1.9437717857142858
1744869913.3105397,1.9497004285714286
1744869933.777512,1.929132642857143
1744869954.5072823,1.9751655714285714
1744869974.9111595,2.0296923571428573
1744869995.6549568,1.7280715
1744870015.744179,2.1114567692307693
1744870035.641794,1.697530923076923
1744870055.8661437,1.8929283846153846
1744870076.773012,1.988650923076923
1744870098.201644,1.9568144615384615
1744870118.804485,2.0109242857142857
1744870139.5572562,1.9385776428571428
1744870159.709307,1.8533857142857144
1744870179.9855042,1.9195222857142855
1744870199.9396436,2.124821142857143
1744870220.2635741,1.9169678571428572
1744870240.5795712,2.021856
1744870260.8678372,2.1494500000000003
1744870281.9093642,1.8509875714285715
1744870302.3923724,2.0204839285714287
1744870322.1989846,1.8643787142857142
1744870342.5680356,1.9071914285714284
1744870362.7501385,2.042681857142857
1744870382.6297727,2.050791785714286
1744870403.1380618,1.902085357142857
1744870423.4120336,1.8909697857142855
1744870443.527696,2.1505125714285716
1744870463.9524038,2.1963324285714285
1744870485.2711902,1.7346920000000001
1744870505.9671643,1.8198580714285715
1744870526.3034496,1.9339792857142857
1744870546.471264,1.8077510714285714
1744870567.2208228,1.9272337857142858
1744870587.6777194,1.8237410714285713
1744870607.655737,1.919057
1744870627.6865046,1.9763782142857143
1744870648.0139601,1.8667488571428572
1744870667.8399405,1.9043635
1744870687.847743,1.6973917857142857
1744870708.1861017,2.011723857142857
1744870728.3098073,1.963872857142857
1744870748.626435,1.8476677142857143
1744870768.8794377,1.7555385000000001
1744870789.0093877,1.9433576428571429
1744870808.7565143,1.992857357142857
1744870828.7648737,2.0253070714285717
1744870849.8918025,4.586693642857143
1744870870.3195963,1.938069857142857
1744870890.8984714,2.039865785714286
1744870911.2427053,1.823031
1744870931.2294917,1.8222616428571428
1744870951.5393803,2.1071592142857143
1744870972.3567643,2.079530214285714
1744870992.4901235,1.924478357142857
1744871012.999611,2.091742857142857
1744871033.3314066,1.9165987857142857
1744871053.4635372,1.7641065714285715
1744871073.5813344,2.0175488571428573
1744871094.3361602,1.9618287692307692
1744871114.7794652,1.7984928461538463
1744871135.4412928,2.0573010769230766
1744871156.3945005,2.055319769230769
1744871176.8445277,1.9765500769230768
1744871197.1958282,1.815516230769231
1744871217.8207552,1.9477064615384616
1744871238.55763,1.9423773846153847
1744871258.5150518,2.004044142857143
1744871279.0422137,1.9524116428571427
1744871299.1943426,2.0154802857142857
1744871319.0343928,1.7078609285714286
1744871339.3972096,2.0354507692307693
1744871360.0270104,2.013564923076923
1744871380.3330405,1.891374076923077
1744871400.7921734,1.8199428461538463
1744871420.8274903,2.1592448461538463
1744871440.747178,1.9593542307692309
1744871461.623578,2.1807647857142856
1744871482.1515977,2.180922
1744871502.721386,1.7563829375
1744871522.7088397,1.6968936
1744871543.1496263,2.1859398666666667
1744871563.4393857,1.810420875
1744871584.4438064,1.9399055625
1744871604.43591,2.0659738125
1744871624.9127998,1.964738625
1744871645.2445624,1.9903199375
1744871665.7774143,2.042356529411765
1744871686.239545,1.9930087058823527
1744871706.7048247,1.8925900000000002
1744871727.4604127,1.807297823529412
1744871748.7879882,1.9277178125
1744871769.790885,1.942253625
1744871789.8117855,1.8961466875
1744871810.8347626,2.0017867647058822
1744871831.822142,1.9427919411764705
1744871852.2594202,1.9034978235294115
1744871872.447679,2.0204033529411767
1744871893.5508971,1.9463513529411764
1744871914.2546105,1.7941094705882352
1744871934.5178285,2.0123214705882355
1744871954.5178497,2.0694870588235297
1744871974.8002121,1.7878421764705883
1744871994.981702,2.0696975
1744872015.0513868,1.9916849500000002
1744872036.105146,1.8626119047619045
1744872056.5687995,1.9044361739130433
1744872077.358958,1.9297862173913045
1744872097.1809328,1.9460303913043477
1744872117.3767908,1.9812936956521738
1744872138.5753205,2.1128943043478263
1744872159.2681904,2.113372590909091
1744872180.0711231,1.989439590909091
1744872201.0131924,1.857432619047619
1744872221.125323,1.7046471428571428
1744872241.1846898,1.8771164761904762
1744872261.2901726,1.851028285714286
1744872281.3510706,2.0744948636363634
1744872301.2320578,2.1209348181818184
1744872321.8822596,1.9194110454545454
1744872341.702774,2.072017272727273
1744872361.7152555,1.8732414545454545
1744872382.353816,2.0802821363636363
1744872403.1546223,2.027891
1744872423.4383197,2.0876864090909093
1744872443.4423127,1.6245212380952383
1744872463.925323,2.1549110000000002
1744872484.2605107,1.9256296666666668
1744872505.2109659,1.9377775909090909
1744872525.8218784,1.8504733181818183
1744872546.2071905,1.9635603636363639
1744872567.0327985,1.986832409090909
1744872587.6274595,1.8069232727272726
1744872608.0109427,1.8539669545454545
1744872628.7606936,1.9826627727272728
1744872649.554753,2.196899409090909
1744872669.9669125,1.8904137727272727
1744872690.8138537,1.818945904761905
1744872711.41312,1.9617265714285714
1744872732.0456986,2.0393724285714288
1744872752.6609457,1.892710090909091
1744872773.320759,1.7651152272727273
1744872793.8282154,1.844129727272727
1744872813.8784504,2.038846590909091
1744872834.2299247,1.9237032272727275
1744872854.3701837,2.0440475
1744872875.255188,1.9513529545454547
1744872896.0692713,1.8988301818181819
1744872916.6887136,1.7669605454545454
1744872936.8524992,1.7367783636363638
1744872956.6862013,2.028499454545454
1744872977.444155,1.7587645
1744872998.5190785,2.0734976818181816
1744873018.869586,1.9946317727272729
1744873038.839493,2.034216136363636
1744873059.3366363,1.8819729545454544
1744873080.0019507,1.9641197272727273
1744873100.5511732,1.919533090909091
1744873120.805947,1.9002162272727274
1744873141.504026,1.9893684285714284
1744873162.2370987,1.8304587142857143
1744873182.982049,1.9285864285714287
1744873202.7955883,1.9364258571428572
1744873223.2028432,2.0866992727272726
1744873244.0744333,2.1226033181818185
1744873264.9255335,1.8333772272727273
1744873285.03945,1.8031804999999999
1744873305.6923153,1.9806565217391305
1744873325.8063095,2.1003924782608694
1744873346.0416968,1.9497974347826086
1744873366.6840708,1.8903027826086958
1744873386.7347958,1.9317956363636364
1744873406.6753392,1.9287295
1744873427.5298874,1.9478598636363635
1744873447.8407729,2.017101826086957
1744873468.4239097,1.8689857391304348
1744873488.9161937,2.1111058260869564
1744873509.0292614,2.0605612173913044
1744873529.1270628,1.8171949565217391
1744873549.493484,2.015954391304348
1744873569.521339,2.073389304347826
1744873589.869404,1.9478190869565217
1744873610.2506099,1.875353652173913
1744873631.2399855,1.9157317272727274
1744873651.9922724,1.9414646363636363
1744873672.0057473,1.879202909090909
1744873692.9229946,1.8885764999999999
1744873713.3193667,2.0056326086956524
1744873733.260268,1.8219095217391306
1744873754.1199193,2.1141424782608693
1744873774.7759912,2.0546066956521742
1744873795.3973112,2.1410189565217395
1744873816.144633,1.903445347826087
1744873836.222765,1.8024594090909092
1744873856.8811054,1.9422097727272727
1744873877.4362273,2.118088727272727
1744873897.2622318,1.9221413636363636
1744873917.9310784,2.113795
1744873938.8056085,1.9982978181818183
1744873959.2189183,1.9574363636363636
1744873979.8546793,1.8910815909090908
1744874000.3967736,2.034678
1744874020.5219812,2.050506181818182
1744874041.8529873,1.880384347826087
1744874062.6019268,1.7802259130434783
1744874083.0583694,1.7814791363636362
1744874103.6797254,2.0126986363636363
1744874124.630004,2.035336863636364
1744874144.9241824,2.0142794545454543
1744874165.6871269,1.8078823181818182
1744874186.348243,1.8686527727272726
1744874206.8629496,2.000059409090909
1744874228.7154882,1.9782066363636366
1744874248.9769087,2.050168181818182
1744874269.5890322,1.736411
1744874289.7261865,2.0289892173913042
1744874310.5157673,2.144193260869565
1744874331.3093107,1.8803671363636363
1744874352.3190472,1.9628840454545455
1744874372.5913677,1.8423912272727272
1744874392.9656732,2.0222420454545453
1744874414.133177,2.0465125454545454
1744874434.2680366,1.8729816818181817
1744874455.0552065,1.9414119545454547
1744874476.074392,2.135768863636364
1744874496.6142843,2.0133422173913043
1744874516.869265,1.929690391304348
1744874537.1816285,1.7996052608695652
1744874557.459559,2.2197274545454544
1744874577.425518,1.9453533181818181
1744874598.3946035,2.0527703636363634
1744874618.3937385,2.1522659545454546
1744874639.094173,2.0033445454545453
1744874660.0740664,1.8010777391304347
1744874680.2281134,1.8326233181818181
1744874700.5493112,2.1041603636363635
1744874720.8632655,1.8251475
1744874741.86814,1.8689351363636364
1744874762.594945,1.9217566818181817
1744874783.3678164,1.863974590909091
1744874803.4612641,1.9679219090909092
1744874824.0074105,1.877125272727273
1744874844.91572,2.07211
1744874865.3448675,1.9494805909090909
1744874885.6580715,1.8928966363636364
1744874906.5544236,1.9239221363636363
1744874926.9119284,1.913891652173913
1744874947.4270563,1.8936791739130434
1744874968.359045,1.8389209545454543
1744874988.4583938,1.8010443636363638
1744875008.594678,1.9643302727272727
1744875029.2084744,1.7956245000000002
1744875049.4459696,1.9334336956521738
1744875069.6551483,1.9565059130434783
1744875089.7559342,1.7552800869565217
1744875109.901682,1.8343389545454547
1744875130.7853975,2.054597818181818
1744875151.5085368,2.076091909090909
1744875171.5558891,1.9977371818181817
1744875192.4173281,1.9713535454545452
1744875212.9259746,2.0675378636363635
1744875233.2842066,2.0403540454545452
1744875254.2171566,1.8146456818181818
1744875274.0715575,1.9262341818181818
1744875294.5116189,1.8914617727272727
1744875314.973336,1.8540800909090907
1744875335.0988278,2.098764090909091
1744875355.5429723,1.964750409090909
1744875376.194001,2.0213899090909093
1744875404.486374,2.0530306363636366
1744875425.1332817,1.7999350909090908
1744875445.997186,2.0610590434782607
1744875465.9272122,2.041026347826087
1744875486.3493006,1.8562152608695652
1744875506.3803093,1.8828517826086957
1744875526.7925708,2.0522659565217394
1744875547.5706036,1.8229203478260871
1744875567.392939,1.7969450434782608
1744875588.4455152,2.047079217391304
1744875609.0841537,1.953172590909091
1744875629.596175,4.270174636363636
1744875650.4196613,1.9006668636363635
1744875670.9699786,1.9476282727272727
1744875692.418759,2.0113202727272728
1744875714.0610356,1.9618635909090907
1744875735.4521966,1.9182977272727273
1744875755.2424903,1.9817303913043478
1744875792.909557,1.8824745217391305
1744875813.720531,1.877700695652174
1744875834.3629804,1.9086910869565217
1744875854.6001136,1.8333099130434782
1744875875.672756,1.9995883913043477
1744875896.4271545,1.9450666086956523
1744875916.8713503,2.038151347826087
1744875937.8375258,1.8437479130434782
1744875958.1474447,1.8064806086956522
1744875978.5530145,1.8556081304347827
1744875999.1565537,1.9093972173913045
1744876019.8146758,2.075320652173913
1744876040.215643,1.9705973478260872
1744876060.9769788,1.9811889999999999
1744876081.656971,1.8899512173913042
1744876101.9809752,1.8429406521739131
1744876122.2812696,1.9006137826086957
1744876142.7491806,1.9759968260869565
1744876163.1677487,1.8257650869565218
1744876183.366516,1.867060695652174
1744876203.4666548,1.9445823043478259
1744876223.8004265,1.8143427826086955
1744876244.8305423,1.9072725652173914
1744876265.0765605,1.9556370434782608
1744876285.8476121,1.985513956521739
1744876306.155924,1.901189217391304
1744876326.7607505,1.8900417826086957
1744876346.9985123,1.940451608695652
1744876367.34556,1.8713691739130436
1744876387.7482631,2.0192661739130435
1744876407.729573,1.8747983913043478
1744876427.731734,1.9952088260869565
1744876448.1707218,1.9004420434782607
1744876468.2330608,1.7814133913043477
1744876488.7104971,1.9958033913043478
1744876509.0115666,2.072851956521739
1744876529.4570336,1.9480899130434783
1744876550.174364,1.8492954347826085
1744876570.0195262,1.9661451304347823
1744876590.176586,1.8219921739130434
1744876610.6421156,1.7918224782608696
1744876630.4092252,1.962157043478261
1744876650.574375,2.090455565217391
1744876671.5245564,2.0199968260869565
1744876692.2438545,1.9630089999999998
1744876712.6580212,1.838938304347826
1744876732.907674,1.9233108260869565
1744876753.0106597,1.963910260869565
1744876773.5579724,1.9002844347826087
1744876794.0658996,1.8420917826086955
1744876814.5280466,1.9122590000000002
1744876835.50056,1.9089778260869565
1744876855.967246,1.9491344782608695
1744876876.8370736,2.041803913043478
1744876896.9721048,1.8983589130434784
1744876917.8787751,1.9635304782608696
1744876938.2367704,1.8005216086956521
1744876958.421561,2.0117588695652175
1744876979.1010618,1.975377391304348
1744876999.0394945,2.031068238095238
1744877019.209142,1.8382586956521738
1744877039.9700353,1.8609092173913042
1744877060.6889741,1.9938741739130434
1744877081.240364,2.081159739130435
1744877102.0411491,2.0191925652173914
1744877122.483467,1.8308882173913046
1744877143.0820909,2.0920088695652175
1744877163.8147073,1.8392988260869567
1744877184.2348711,1.8062634782608697
1744877204.1389868,1.986743652173913
1744877224.6082854,2.0417171304347828
1744877245.0893407,1.8572542173913045
1744877265.705643,1.8478315652173913
1744877286.598612,1.8672344347826084
1744877306.7938385,1.876704347826087
1744877327.1806226,1.9203605652173912
1744877348.1481805,2.027933043478261
1744877367.8591516,2.0549815217391303
1744877388.8586524,1.9180344347826088
1744877408.8264809,1.8060147391304349
1744877429.3698235,1.9366779565217391
1744877450.006642,1.9125276086956522
1744877470.4604454,1.845608652173913
1744877490.7643127,1.9177092173913044
1744877511.520967,1.9033700869565218
1744877532.3454328,1.9080175652173914
1744877552.8939352,1.8109233913043479
1744877573.3095245,1.9614262173913044
1744877594.0815575,1.9787904782608694
1744877614.5151098,1.8675730869565217
1744877635.2675388,1.969340304347826
1744877656.1619303,1.844583739130435
1744877676.8380377,1.8748321739130434
1744877697.5728753,1.8340016086956523
1744877718.1660914,2.0127582608695653
1744877738.4407487,1.9767705652173913
1744877759.0293531,1.9704041739130436
1744877779.3381622,2.0362117826086954
1744877799.3211927,1.8538552173913043
1744877819.7483048,1.8938456956521739
1744877840.2130513,1.9613690869565217
1744877860.3271525,2.564293695652174
1744877880.9813464,1.9767382608695652
1744877901.763223,2.080219956521739
1744877921.9061813,2.1028881304347826
1744877942.6239455,1.7803201739130434
1744877963.553234,1.9460227391304346
1744877983.3868964,2.066117391304348
1744878004.0876384,2.0234174782608694
1744878024.5436897,2.0209272608695654
1744878044.3405533,2.113582304347826
1744878064.639279,1.8866455217391302
1744878085.1314816,2.006496130434783
1744878105.8965778,2.1708189130434783
1744878126.4844446,2.185752086956522
1744878147.3198516,1.8677698260869564
1744878167.7545514,2.019822086956522
1744878188.189963,2.282381304347826
1744878208.5113926,2.3426516956521737
1744878229.3360379,2.2844633478260867
1744878250.1341124,3.0006364782608697
1744878271.2433646,2.4935800869565217
1744878291.1723254,2.3858233043478263
1744878311.4233117,2.378746391304348
1744878332.4124248,2.1806085652173914
1744878353.1379762,2.555209913043478
1744878374.1346614,2.556120608695652
1744878394.7981482,2.3674777826086957
1744878415.4435897,2.4955181304347827
1744878436.0467937,2.386681391304348
1744878456.7963219,2.410466695652174
1744878476.9189253,2.293636
1744878497.4191551,2.347827
1744878517.7525604,2.414532
1744878537.7133257,2.3573528695652173
1744878558.2970164,2.140196086956522
1744878578.1328187,2.4642224347826085
1744878598.2804835,2.527665043478261
1744878618.8805344,2.1706062173913043
1744878639.7802434,2.3739341739130433
1744878660.4306004,2.431734
1744878680.6522675,2.5135712173913043
1744878701.4138927,2.4286397826086956
1744878721.9939685,2.4298087826086956
1744878742.7968786,2.4834762173913045
1744878763.575501,2.310501260869565
1744878783.5595684,2.2889430869565217
1744878804.3737624,2.3837335217391304
1744878825.121689,2.6906328260869565
1744878845.4344041,2.4686697
1744878866.159411,2.4788596000000003
1744878886.140439,2.46567705
1744878906.9123425,2.488362
1744878926.8794875,2.5644599500000003
1744878947.6978228,2.2947493000000003
1744878968.3050878,2.38748965
1744878988.7294848,2.8975264
1744879009.720963,2.4968829
1744879030.2886953,2.29664555
1744879050.9887652,2.3603221052631578
1744879071.4508684,2.4840185263157895
1744879092.0380054,2.2492447894736842
1744879111.9745426,2.1865165789473684
1744879132.7236793,2.3171515263157896
1744879153.1526375,2.348591842105263
1744879173.2689157,2.3354244736842102
1744879193.8812008,2.5256053157894733
1744879213.7041152,2.4496817368421056
1744879247.5206218,2.482911736842105
1744879267.492069,2.354224473684211
1744879288.7497926,2.5016424210526313
1744879309.4664419,2.567211842105263
1744879329.5295112,2.424868052631579
1744879350.4572067,2.380085882352941
1744879370.7104733,2.442522117647059
1744879390.9653325,2.4719142
1744879411.602512,2.383771142857143
1744879431.4590397,2.1484883846153844
1744879452.1490774,5.580847
1744879472.9817035,2.3257845384615385
1744879493.1785576,2.8066246923076923
1744879513.8958035,2.9481637692307694
1744879534.5177362,1.8577484615384614
1744879555.1210914,1.7171113076923077
1744879575.718641,1.7627833076923076
1744879596.3318634,2.110527923076923
1744879616.7522202,2.080831
1744879637.2315142,1.9198273846153846
1744879657.47567,1.8417558461538461
1744879678.0345676,2.2041053846153846
1744879698.3100846,2.306297153846154
1744879719.2346635,2.1822732307692307
1744879740.033615,2.2116905384615384
1744879760.8166752,2.0899244615384616
1744879781.254605,1.908699153846154
1744879801.3862374,1.5778260769230767
1744879821.3585677,2.130392230769231
1744879841.8609147,1.8948653846153847
1744879862.14551,1.7453787857142857
1744879882.653666,1.8249045714285714
1744879903.0693893,1.9845287142857142
1744879923.9019938,2.0205745714285714
1744879943.9956002,2.074867857142857
1744879965.0728865,1.8352937142857144
1744879985.3157742,1.9108180000000001
1744880005.9310133,1.634335
1744880026.217796,1.8623189999999998
1744880046.0604982,2.3192415
1744880065.8273864,1.671720357142857
1744880086.2873082,2.1023657333333334
1744880106.2436655,2.2023917333333336
1744880126.095485,1.887648
1744880146.1121867,2.169105866666667
1744880166.248239,1.9919068
1744880186.4035344,1.8999171333333333
1744880206.55583,1.9080015333333333
1744880227.4766014,2.0386408666666664
1744880247.612611,2.1286290666666665
1744880268.3521547,1.846353857142857
1744880288.8946416,1.8294205
1744880309.973975,1.8896557999999999
1744880330.89167,1.9536235333333332
1744880351.6937559,2.1268268666666668
1744880372.3538682,2.109245666666667
1744880392.7111042,2.285673533333333
1744880412.821586,2.0730458
1744880432.8504608,1.9629047333333334
1744880453.352062,1.9919810666666666
1744880473.149725,2.2588748
1744880493.1807096,1.7517636428571428
1744880513.9755676,2.059907857142857
1744880534.6316164,2.118698785714286
1744880554.9787462,2.2604106
1744880576.0882554,2.0997592666666667
1744880596.8662236,2.0880003333333335
1744880617.2172194,2.0474064000000003
1744880638.0413451,1.99547
1744880658.8785546,1.7739772666666667
1744880679.2084556,1.9379832000000001
1744880699.2292936,2.143538142857143
1744880720.012575,2.0678208461538463
1744880740.2627861,1.9418634615384616
1744880761.1647477,1.5801267692307692
1744880781.3569472,1.9424442142857143
1744880801.6684804,2.017445857142857
1744880822.2741392,2.0824795000000003
1744880842.3787584,2.096718214285714
1744880862.3750346,1.9357467142857143
1744880883.289331,2.182410357142857
1744880903.9126086,2.3586667142857145
1744880923.835783,2.228440857142857
1744880944.6825366,1.8518272857142857
1744880964.4788127,1.8561348461538463
1744880984.9560535,1.9768077692307693
1744881005.9205694,1.9336603846153848
1744881026.0333126,1.835972923076923
1744881046.5096378,1.881346142857143
1744881067.1062202,2.1840678571428573
1744881087.0546231,2.1934882142857144
1744881107.306836,1.952659142857143
1744881128.2440732,2.000399285714286
1744881147.991142,2.0569140714285714
1744881168.7241616,2.2388377142857143
1744881189.6358836,2.1348935714285715
1744881209.460642,1.9805384615384616
1744881229.9851158,1.8218833846153848
1744881250.7970283,2.0204294615384617
1744881270.7732513,2.1552474285714287
1744881291.396456,2.135399
1744881312.3004513,2.0063135714285716
1744881332.8380427,1.9667522142857143
1744881353.251556,2.0657050714285714
1744881373.9148047,1.9335844285714285
1744881394.2813265,2.1494662142857144
1744881414.7372117,2.2396959285714284
1744881435.5343575,2.0774462307692305
1744881456.1681876,1.927228857142857
1744881476.902764,1.9960939999999998
1744881497.2702038,1.9875033571428573
1744881518.5131028,2.227508153846154
1744881539.4537184,2.0420313846153846
1744881560.5005631,1.7795866923076924
1744881580.898482,1.7824713076923078
1744881601.4592183,2.0403656923076925
1744881622.0656242,2.1400883846153844
1744881642.6041398,2.022732153846154
1744881663.3767133,2.024954692307692
1744881683.3601627,2.0084633076923075
1744881704.1631024,2.0228147857142855
1744881724.888981,1.9648777857142858
1744881745.3036244,1.9364694285714286
1744881765.705988,1.9473817999999998
1744881785.490061,1.9482991333333333
1744881806.438848,1.9203306666666664
1744881826.4979894,1.9454968666666665
1744881847.1271324,1.8743332
1744881868.2210631,1.8641428666666668
1744881889.0039375,1.7555820666666666
1744881909.4885612,2.1198888
1744881929.7344441,1.8914356
1744881949.9790423,1.9212452
1744881970.095297,2.2785259333333334
1744881990.434862,1.9026422666666667
1744882010.4154143,1.9677453999999999
1744882030.9270458,2.0563352142857143
1744882051.1225047,1.9655619999999998
1744882071.238801,1.9424558
1744882092.2666435,2.1357601333333336
1744882112.8811452,1.9689401333333334
1744882133.2854478,2.132616866666667
1744882154.054325,1.8330898
1744882174.996021,2.2084614
1744882195.461235,1.9704448666666667
1744882216.380221,1.8110585333333333
1744882237.1569974,1.8721714666666667
1744882257.511032,1.9058963076923077
1744882278.395135,2.155553307692308
1744882299.4505346,2.047950875
1744882319.366696,1.9915256875
1744882339.7146437,2.1019805
1744882360.1723287,2.1680346666666663
1744882380.2704022,1.7779066000000001
1744882401.1913283,2.038754705882353
1744882422.1998298,2.0538905882352942
1744882442.50539,1.9895751176470589
1744882462.475676,2.0631842941176473
1744882483.454901,2.033976625
1744882503.6906514,1.99637175
1744882524.1835287,1.942483
1744882544.9973428,1.8742849375000001
1744882564.9763474,2.1168324375
1744882585.4726164,2.1400438125
1744882606.466073,1.8421930625
1744882627.0752542,2.163398125
1744882647.031875,2.033358888888889
1744882667.4663868,1.959878166666667
1744882687.5408938,1.782457777777778
1744882708.3423963,1.9888052222222221
1744882729.1732,1.9387777222222222
1744882749.5628664,2.0257686111111113
1744882770.1429703,2.1216583333333334
1744882791.1563983,2.1144397777777777
1744882811.7312796,2.0244546842105264
1744882832.50775,1.9565055789473684
1744882853.3963573,2.0035031
1744882873.95829,1.9274033913043478
1744882894.6222506,2.0098692173913046
1744882915.5045354,2.0313460869565216
1744882936.1761508,2.018709956521739
1744882956.15421,2.033364695652174
1744882977.0862288,2.330371304347826
1744882996.9772928,2.086353318181818
1744883017.5641544,1.8914997727272727
1744883038.6242967,2.254597
1744883059.4902325,1.9490809047619049
1744883080.328327,2.1968759523809522
1744883101.067735,2.1948123333333336
1744883122.1037874,2.075512818181818
1744883142.82562,2.0418729090909093
1744883163.5987773,1.8699344545454546
1744883184.7407465,2.0994432727272727
1744883205.5228505,1.9758060909090909
1744883226.2894795,2.135158272727273
1744883246.4157243,2.210877909090909
1744883267.1582634,2.0205019545454546
1744883288.1482377,2.1401534090909093
1744883308.9259179,2.1381390000000002
1744883329.468864,2.131894619047619
1744883350.2232163,1.9124184761904761
1744883370.9634788,1.7456240476190477
1744883391.6090965,1.9985751363636366
1744883412.5879838,2.1232329545454545
1744883433.2984402,2.148366409090909
1744883453.569547,2.107747909090909
1744883474.2438688,2.1950983636363635
1744883495.2373376,2.0786822727272725
1744883515.885159,2.202074181818182
1744883536.2265613,2.1412081363636366
1744883556.69336,1.8470371428571428
1744883576.7346063,2.0374035714285714
1744883597.192893,2.118912761904762
1744883617.5163074,1.9275231363636365
1744883638.3085258,2.0385839545454547
1744883658.994027,2.2896010454545457
1744883679.3475049,1.9981093181818181
1744883700.5442352,1.8502840909090907
1744883721.4623852,1.9783466363636364
1744883741.3939705,2.043557590909091
1744883761.8623102,2.1769012272727273
1744883782.782003,1.9678492272727275
1744883803.5822396,1.913987095238095
1744883823.5836637,2.086348666666667
1744883844.4728532,1.9608171904761904
1744883865.057295,1.7965957272727273
1744883885.177067,1.8821952727272728
1744883905.3879905,2.072206181818182
1744883925.9649498,2.037583136363636
1744883946.387208,1.8311104090909092
1744883966.7022285,2.0934645
1744883987.177654,2.1394260454545457
1744884007.3467183,1.9553837272727272
1744884028.2681577,2.0627494285714283
1744884049.019114,1.8531991428571426
1744884068.8350115,2.1333623333333334
1744884089.5065925,2.036728681818182
1744884110.0903327,2.088295095238095
1744884130.1792371,1.9546433333333335
1744884151.319978,1.976727
1744884172.2260814,1.8674420476190479
1744884192.6981301,2.0360671904761904
1744884213.6796942,1.8811071428571429
1744884234.381005,2.084956761904762
1744884254.5334969,1.968212238095238
1744884275.3359694,2.011465285714286
1744884296.158778,2.0530597142857143
1744884316.3073964,2.1117978095238095
1744884336.8570678,1.7811860952380951
1744884358.366084,2.0733047619047618
1744884379.1168857,2.165516
1744884400.0999064,2.223089142857143
1744884420.9075336,2.0274133181818184
1744884441.6629653,1.9868363636363637
1744884462.5513368,2.022341090909091
1744884483.4561334,1.8887555
1744884503.9812732,1.7948735454545455
1744884524.2808418,2.030897590909091
1744884545.0552185,2.121527909090909
1744884566.1922922,2.065926818181818
1744884587.8277273,1.9575477619047619
1744884610.1130981,1.9562797142857142
1744884630.8939793,2.08287
1744884651.6703694,2.012677590909091
1744884672.1153746,2.0098085
1744884692.3298838,1.9101154545454546
1744884712.6258562,2.1407255454545453
1744884733.2932181,1.9515658636363638
1744884753.8668146,2.058821772727273
1744884773.7547998,2.103854363636364
1744884794.181451,1.9861396818181818
1744884814.9288642,2.2045847727272725
1744884835.8909788,1.932737
1744884856.2160122,2.0764209523809525
1744884876.578006,1.9467199047619048
1744884897.5162892,1.9220036818181818
1744884917.9928975,1.9935715
1744884938.6131687,2.0561953636363635
1744884959.6296153,2.0562975454545454
1744884979.9223082,2.071894
1744885000.7920878,2.055188590909091
1744885021.6414797,2.1654688636363635
1744885041.714462,2.0386853636363638
1744885062.4136183,1.7913933181818182
1744885083.9050753,2.0058103809523806
1744885104.0357046,1.9394316666666667
1744885124.4752665,1.9182470476190479
1744885145.391291,2.036802227272727
1744885165.6386478,1.9541976818181817
1744885185.4159603,2.0203249545454547
1744885206.468939,2.072268909090909
1744885227.2650268,1.961141818181818
1744885247.9896836,1.8403175454545455
1744885269.1051154,2.08023
1744885289.5314326,2.2188444545454544
1744885309.5637512,2.1004755909090913
1744885330.0129309,1.9634470952380951
1744885350.3953362,2.2916298095238097
1744885371.018112,2.198541666666667
1744885391.386737,2.052035090909091
1744885411.8428965,1.9954980454545455
1744885432.1293104,2.1112485000000003
1744885452.7063367,1.9201618181818183
1744885472.9442902,1.9043337272727272
1744885493.1903312,2.033881181818182
1744885513.1593704,1.97292
1744885533.6047523,2.196831318181818
1744885553.721197,2.0637204761904764
1744885574.4355881,1.9649325714285715
1744885595.1046307,2.0869770952380953
1744885614.8821301,2.1746994545454545
1744885635.1468513,1.8645268571428573
1744885655.555398,1.6833016363636362
1744885676.1128192,1.7807439090909092
1744885696.273443,1.9193060454545454
1744885716.8614697,1.9539842272727272
1744885737.2702122,1.8583770454545456
1744885757.383554,1.6265942272727272
1744885777.923534,1.840616818181818
1744885798.1846752,1.8082982380952382
1744885818.3143756,1.763485857142857
1744885838.510538,1.539145238095238
1744885858.5846002,1.8396991363636366
1744885879.5376632,1.7358229090909092
1744885900.161539,1.7091271363636364
1744885920.4132404,1.7391614090909089
1744885941.1790721,1.879876318181818
1744885961.8067832,1.864405
1744885982.3865988,1.9469931363636364
1744886002.918527,1.8562749545454544
1744886023.0212486,1.687449590909091
1744886043.64899,1.5039590476190476
1744886063.9563663,1.7044846190476188
1744886084.748555,1.8810299545454543
1744886105.500032,1.7937890869565216
1744886125.3497055,1.7393340000000002
1744886145.904992,2.1553330869565217
1744886166.4052632,1.8166775217391304
1744886187.5034025,1.7361912173913043
1744886208.1575425,1.7565738695652173
1744886228.556005,2.0431826086956524
1744886249.0925834,1.9126709565217392
1744886269.905163,1.7948957142857143
1744886290.0002036,1.7563060454545456
1744886310.7836995,1.8548749545454546
1744886331.5705154,1.9478459565217392
1744886351.8523664,1.8472831304347828
1744886372.8970013,1.7117755652173912
1744886396.765947,1.8522665454545455
1744886417.1813188,1.969314818181818
1744886437.772626,1.8213110869565217
1744886458.2192965,1.716028695652174
1744886477.9947934,1.9151245652173914
1744886498.5349624,1.6571981739130435
1744886519.1110005,1.7976025454545452
1744886539.2700462,1.9117565454545455
1744886559.4328082,1.8580598181818182
1744886580.301986,1.6361363913043478
1744886600.8202362,1.5883243478260871
1744886621.7178957,1.822623391304348
1744886642.1986516,1.8771534347826087
1744886662.8188257,1.8127564782608696
1744886683.0217147,1.7423176521739132
1744886703.1520119,1.908860652173913
1744886723.5052989,1.7533955217391304
1744886743.4664013,2.0771594782608696
1744886763.662244,1.8003205
1744886783.9844258,1.6395646363636365
1744886804.1668007,2.0017679545454548
1744886825.0005713,1.7977673181818181
1744886845.3756893,1.6405185454545455
1744886865.6667366,1.7469236363636362
1744886886.4547827,1.6986946818181818
1744886906.8688104,1.7015717272727273
1744886927.8334596,1.8843492727272726
1744886948.6144984,1.7458076818181818
1744886969.205382,1.8322354090909092
1744886990.0014744,1.8050586363636363
1744887010.7633018,1.6608159999999998
1744887031.169333,1.7048757727272728
1744887052.009241,1.829285090909091
1744887072.7396643,1.7797951818181816
1744887093.6417758,1.7864376363636365
1744887114.3171551,1.706975590909091
1744887134.2093492,1.6812191363636364
1744887154.3379803,1.7751470454545455
1744887174.9102504,1.7432489545454546
1744887196.010461,1.7604524545454545
1744887216.808764,1.7618877727272726
1744887237.833067,1.6119971739130434
1744887258.4738674,1.8001365652173913
1744887278.8717644,1.8444659565217392
1744887299.7858887,1.8069574347826087
1744887320.5092237,1.7222713043478262
1744887340.919011,1.634714
1744887361.4009397,1.7991451739130435
1744887381.961894,1.727554347826087
1744887402.4127803,1.7273072608695654
1744887423.0524194,1.8303174782608695
1744887443.7136514,1.8660761739130436
1744887464.1682317,1.6566209130434781
1744887484.7614112,1.5868164782608698
1744887505.1662424,1.653152956521739
1744887525.7257147,1.8682300869565218
1744887546.436803,1.8210681304347824
1744887567.186776,1.6756364782608697
1744887588.1465774,1.7945797826086956
1744887608.1492836,1.7277001739130435
1744887628.937237,1.7442260869565216
1744887649.5380945,1.7996304782608694
1744887669.8323154,1.7958670869565219
1744887690.2932749,1.9359683478260867
1744887710.8873692,1.6976095217391305
1744887731.3951886,1.8467393478260872
1744887751.2887268,1.9310416956521739
1744887771.2575855,1.8543310869565217
1744887791.7813027,1.8656777826086957
1744887811.8819206,1.8073842608695652
1744887832.4551735,1.8390639999999998
1744887853.4111145,1.7851647826086958
1744887873.194122,1.8845391304347827
1744887894.1311834,1.6940570869565217
1744887914.6831686,1.7638359565217392
1744887934.4992058,1.792368043478261
1744887955.1180208,2.0899134347826087
1744887976.0801718,1.848206652173913
1744887996.2222574,1.679055304347826
1744888016.9238641,1.743194043478261
1744888037.7990243,1.8912930434782609
1744888058.6795468,1.8651603043478262
1744888079.2701185,1.9426363478260869
1744888100.178761,1.795397913043478
1744888120.9702072,1.8741829130434782
1744888141.4639685,1.831202347826087
1744888162.383408,1.7630690869565218
1744888183.0931482,1.8436815652173915
1744888203.8384144,1.6960882173913046
1744888224.616874,1.667376304347826
1744888244.587305,1.7493557826086956
1744888265.142355,2.005536695652174
1744888286.1022058,1.6462284782608696
1744888306.4973836,1.7320204782608697
1744888327.2275789,1.7301712608695652
1744888347.8434222,1.748867043478261
1744888368.5772188,1.6371761739130435
1744888389.0894475,1.8327639130434783
1744888409.872697,1.7792670000000002
1744888430.2668376,1.8726634347826085
1744888450.6983695,1.8243150000000001
1744888471.5962965,1.6125708695652172
1744888491.8390696,1.719810181818182
1744888512.2282495,1.9331728636363636
1744888533.2473156,1.6084414545454544
1744888553.9471595,1.6356383636363636
1744888574.3974605,1.7243539545454545
1744888594.583531,1.8272565909090908
1744888615.2235422,1.6506700454545453
1744888635.8501806,1.6842244545454543
1744888656.8823895,1.9196473636363636
1744888677.5020843,1.7154882272727272
1744888697.893772,1.7444270909090909
1744888718.9468718,1.6725830454545454
1744888739.2428675,1.6910097272727271
1744888760.055407,1.7350069999999997
1744888780.979663,1.8359382272727274
1744888801.7825441,1.8173742727272726
1744888822.3650565,1.8377134090909093
1744888842.9683702,1.7053081363636364
1744888863.4261973,1.7792546818181818
1744888883.855677,1.806617909090909
1744888904.884554,1.6788525454545455
1744888926.2145348,1.8428585
1744888946.9638057,1.7313808181818182
1744888967.8852155,1.7221349545454545
1744888987.880755,1.8639617727272728
1744889009.0728688,1.7919403636363638
1744889029.8285577,1.6877165909090908
1744889050.0831475,1.6032522272727272
1744889070.2263577,1.6515429090909093
1744889091.1955323,1.824573909090909
1744889111.4578505,1.706959181818182
1744889131.7927365,1.7390972272727274
1744889152.2825892,1.7773766363636363
1744889172.672877,1.7090189545454544
1744889193.2577462,1.8716375454545455
1744889213.8303857,1.806834181818182
1744889233.9013686,1.7474755909090909
1744889254.0058608,1.6972844090909092
1744889275.1169205,1.7862127727272727
1744889296.31643,1.9334904545454543
1744889316.7163873,1.9106016363636364
1744889337.378192,1.8701239545454547
1744889357.8004267,1.6206623636363637
1744889378.4022472,1.7015473636363636
1744889399.2015455,1.8183185454545454
1744889419.936195,1.7718711818181818
1744889439.7464623,1.843553695652174
1744889460.4951112,1.71475
1744889480.8116324,1.7972570434782609
1744889500.914979,1.4990629130434783
1744889521.5095959,1.8373456086956523
1744889542.3451197,1.8367027391304347
1744889562.8157248,1.7449044285714284
1744889583.7671418,1.702756
1744889604.7145,1.7296159130434783
1744889625.3734796,1.8199963913043475
1744889645.3877907,1.839254
1744889666.3726625,1.74580105
1744889686.9661987,1.81238745
1744889707.525842,1.5932803
1744889727.6827192,1.7208312500000003
1744889748.4362278,2.03100295
1744889768.5662858,1.7375817000000002
1744889789.3594303,1.94356285
1744889809.3768494,1.8513017999999999
1744889829.7846332,1.6117370000000002
1744889850.6896586,1.93421555
1744889871.4072995,1.8646949999999998
1744889892.3936288,1.9623509473684209
1744889913.2512345,1.7525775263157892
1744889933.9684548,1.885472105263158
1744889954.8407207,1.6696172631578947
1744889975.3018858,1.6465107894736843
1744889995.6253815,1.6907637894736844
1744890015.43411,1.8082793157894737
1744890035.7816343,1.848347894736842
1744890056.2448697,1.7708918421052633
1744890076.0420578,1.5753478421052634
1744890096.223831,1.9248322105263158
1744890116.6128738,1.8314418421052632
1744890136.501953,1.5248593157894736
1744890157.2301304,1.7350257368421051
1744890177.2671936,1.8858700588235293
1744890197.4616468,1.754801625
1744890217.9420946,1.5778371333333332
1744890238.8346703,1.8162272307692306
1744890258.953425,1.6852054615384615
1744890278.7825882,1.882281923076923
1744890299.3510323,1.4741316153846153
1744890320.0576758,1.4909699230769229
1744890340.038152,1.9368853076923076
1744890360.5854492,1.737809
1744890380.4233973,1.492848
1744890400.9034212,1.7158051538461538
1744890421.3358035,1.8981791538461539
1744890441.9266741,1.7660857692307692
1744890462.374139,1.9846305384615386
1744890483.1119814,1.4772249230769232
1744890503.6956413,1.7929620769230767
1744890524.7430634,1.6457033076923078
1744890545.333785,1.8520091538461538
1744890565.7007663,2.052593923076923
1744890586.1979444,1.7954827692307693
1744890606.5313025,1.5248794615384615
1744890626.355353,2.025795230769231
1744890647.2697327,2.021760857142857
1744890667.7333894,1.8550003571428573
1744890688.3349261,1.827986857142857
1744890709.0597289,1.626172857142857
1744890729.4166439,1.7802859285714285
1744890749.8587766,1.7052530714285716
1744890770.723199,1.9084524999999999
1744890791.0939002,1.8656352857142857
1744890811.5080936,1.6941087142857143
1744890831.9856057,1.4349915
1744890852.0846722,1.5971185714285714
1744890872.0372243,1.9312168571428572
1744890893.029514,1.4799050714285715
1744890913.376682,1.7597349999999998
1744890934.1297362,1.7054122857142857
1744890954.8458116,1.7656664285714285
1744890975.783342,1.8426428461538462
1744890996.4782224,1.7844836153846155
1744891016.8841858,1.91538
1744891037.2056491,1.78603
1744891057.7478085,1.465328923076923
1744891078.342643,1.718293153846154
1744891099.1204503,2.030204153846154
1744891119.8775516,1.9150766153846155
1744891140.5443735,1.8532556923076924
1744891161.4434624,1.6944916923076923
1744891182.073867,1.930330923076923
1744891202.9587817,1.7746946923076925
1744891223.9098492,1.6298802307692308
1744891243.8974082,1.8234675384615384
1744891264.69194,1.808363923076923
1744891285.3155057,2.2807333846153846
1744891305.748117,1.9647426153846155
1744891326.5911667,1.6573143846153846
1744891347.0702395,1.5817648461538463
1744891367.5090413,1.615392923076923
1744891388.3331096,1.7393032307692309
1744891408.3011007,1.8416113846153845
1744891429.2891157,2.047466384615385
1744891450.1219382,2.3861744285714286
1744891470.0808766,1.8044730714285715
1744891490.689396,1.5860135714285715
1744891511.9276597,1.868017642857143
1744891532.3795493,1.7294248571428572
1744891552.8453481,2.1014071428571426
1744891573.8108325,1.8484047142857143
1744891594.091546,1.7999533571428572
1744891614.0886323,1.430700642857143
1744891635.153838,1.9324210714285714
1744891655.6124547,2.129948
1744891676.0504134,1.7368826428571429
1744891696.9482095,1.8609945714285716
1744891717.73283,2.0993645
1744891738.5747597,1.8197647142857143
1744891758.74077,1.7427589285714284
1744891778.7935262,1.6695622142857143
1744891799.7924416,1.4906445714285714
1744891820.0256526,1.921604
1744891840.5564206,1.6818956428571428
1744891861.1838052,1.5898801428571427
1744891882.2336726,1.7933664999999999
1744891902.74639,1.6796557857142855
1744891923.33085,1.8141494285714288
1744891943.5687606,1.9204085
1744891964.1105347,1.9306637333333332
1744891985.2834876,1.6685450666666666
1744892005.4462643,1.7638829999999999
1744892026.0509403,1.9130657999999998
1744892046.4891486,1.8940246666666667
1744892067.402939,2.1978389333333337
1744892088.091386,1.8414421333333335
1744892108.5960085,1.7709350000000001
1744892129.5713918,1.7360294666666667
1744892150.1752353,1.7133665714285713
1744892170.9243882,1.6054402857142858
1744892191.2140076,1.8936487142857144
1744892211.8043618,1.8822985333333333
1744892231.989867,2.053392533333333
1744892252.657051,1.7537820666666666
1744892272.9750314,1.691633
1744892292.8697598,1.8775938666666667
1744892312.7856572,1.938475
1744892333.0655127,1.7921618
1744892352.9116356,1.7938809333333334
1744892373.5419056,1.9588737999999999
1744892393.6804743,1.8694188571428572
1744892414.0472174,1.565349642857143
1744892435.0045176,1.804002
1744892455.5630689,1.9229239999999999
1744892475.7864757,2.0830708666666666
1744892496.858787,1.8719071999999999
1744892517.1122208,1.7428312666666668
1744892537.397585,1.6643896666666664
1744892558.3988574,1.9129417333333334
1744892578.8662508,2.1975911999999997
1744892599.2848725,1.8794183333333334
1744892619.9205801,1.7692669333333333
1744892640.5518003,1.7953769285714285
1744892661.1165433,1.5669804285714286
1744892682.070518,1.749115
1744892702.1254268,1.8259398
1744892722.4992232,2.0940057333333333
1744892743.4360516,1.7583431999999999
1744892763.9333189,1.6101084
1744892784.223626,1.6106703333333334
1744892805.3329558,1.8647096
1744892825.6749928,1.8493476666666666
1744892845.9425783,1.8330778
1744892866.4212537,2.187662533333333
1744892887.0408201,1.683689357142857
1744892907.368466,1.655085142857143
1744892927.397532,1.8848323571428571
1744892947.7992425,1.9532105333333334
1744892967.8446667,1.6412856666666669
1744892987.8441885,2.0259100666666665
1744893008.3828392,1.9479667333333335
1744893028.522205,1.7104822142857141
1744893049.434076,1.9499543571428573
1744893069.9875505,1.8284407857142857
1744893090.4507241,2.0005714
1744893110.6885836,1.8526259999999999
1744893130.811957,2.00528
1744893150.932906,1.754319625
1744893171.9227326,2.002349705882353
1744893192.3852644,1.9796522352941177
1744893212.8420632,1.769644588235294
1744893233.5246751,1.9210234705882352
1744893254.1584039,1.8507622352941178
1744893274.649165,1.6301163529411764
1744893294.96551,1.6739372222222224
1744893315.5593293,2.0070427222222222
1744893335.9839587,2.9314483333333334
1744893357.1716373,1.7208432352941176
1744893377.6157665,1.6696777647058825
1744893398.2487297,1.7897942352941176
1744893419.208099,1.5843550588235293
1744893439.6781108,1.822154277777778
1744893460.6111107,1.7969515294117646
1744893480.9988928,1.8345676111111109
1744893501.335322,1.9286258333333335
1744893522.1081543,1.8284873333333331
1744893542.2630918,2.037395777777778
1744893562.3740683,1.9161632777777777
1744893583.0407238,2.068332722222222
1744893604.3572042,1.946647611111111
1744893624.978352,1.69915435
1744893645.10568,1.734911095238095
1744893666.0897179,1.917339608695652
1744893686.5557957,1.9092101363636365
1744893707.1292052,1.8787488181818182
1744893727.9545898,1.8778081818181818
1744893748.6095421,1.8712368636363637
1744893768.865057,2.0033978695652173
1744893789.822315,1.7480418181818183
1744893810.031731,1.6395907727272727
1744893830.0337012,1.9873944545454547
1744893850.9034111,1.7809608095238094
1744893871.6924922,1.5865670952380952
1744893892.609171,1.731325
1744893913.4547925,1.7161431818181818
1744893934.2821987,1.879442
1744893954.9443266,2.0808109545454547
1744893975.101887,1.8264889545454546
1744893995.285184,1.7600115
1744894015.8740084,2.0182494545454546
1744894035.8588839,1.8691008181818183
1744894056.0042522,1.8905785909090909
1744894076.3137472,1.927767090909091
1744894096.944112,1.564372095238095
1744894116.9433653,1.7868202380952383
1744894136.8792324,1.8901046666666665
1744894157.59417,1.5719647272727273
1744894178.0760698,1.8658371818181818
1744894198.8425646,1.935847090909091
1744894219.7773137,2.0799118636363634
1744894240.649776,1.8812692272727274
1744894261.357963,1.7480995909090908
1744894282.179331,1.7377282727272727
1744894302.7814848,1.8161737272727272
1744894323.7530224,1.9310696363636366
1744894344.707266,1.803039380952381
1744894365.0461173,1.7355713333333334
1744894385.7911818,1.775246476190476
1744894406.319889,1.8345977272727274
1744894427.097229,2.051193727272727
1744894447.8276014,1.731508409090909
1744894469.3002827,1.7173917142857145
1744894489.7744951,1.7446233333333334
1744894510.2846825,1.8808321904761904
1744894531.2495956,2.041737714285714
1744894551.9826715,1.9649441428571428
1744894572.7804172,1.6778795238095239
1744894593.3359807,1.5179641904761905
1744894613.93184,1.745797142857143
1744894634.3903651,1.9547180476190475
1744894655.0900776,1.775540142857143
1744894675.768728,1.651969
1744894696.598332,1.923415619047619
1744894717.505515,2.157596095238095
1744894737.5827465,1.921446523809524
1744894758.5596893,1.683559523809524
1744894779.7577002,1.6025888095238094
1744894800.200097,1.7286295454545453
1744894820.7831106,1.8684765454545456
1744894841.6162345,2.0595499999999998
1744894862.2968817,1.8172961818181819
1744894882.085391,1.6454268636363636
1744894902.4639192,1.8470425454545456
1744894922.4408445,1.6556647727272726
1744894942.6279473,1.8906688636363638
1744894963.3999746,1.9323831363636363
1744894983.4416196,1.5636329047619049
1744895004.0051632,2.010949761904762
1744895025.2074885,2.041966
1744895045.5456026,1.9723810454545456
1744895066.3230867,1.6784640909090909
1744895086.7357945,1.9236224545454546
1744895106.7479305,1.8379708181818182
1744895127.683419,1.7326218181818183
1744895148.6894095,1.8942882272727273
1744895169.283243,1.7725759545454545
1744895190.263268,1.8377579090909089
1744895211.1863055,1.8212170952380953
1744895231.760658,1.7859509523809525
1744895252.2558239,1.9477795
1744895272.2765179,1.8065796363636364
1744895292.8247313,2.0204191363636363
1744895313.2642279,1.8622702727272726
1744895333.867505,1.9442103181818182
1744895354.04972,1.8722547272727275
1744895374.311478,1.9949154545454546
1744895395.621359,1.6458739545454544
1744895415.9448755,1.6715238181818182
1744895436.5940666,1.9733912380952379
1744895457.7708237,1.9607111904761905
1744895477.8403008,1.9324141428571429
1744895497.7535377,1.7780354761904764
1744895518.2661264,1.9003049090909092
1744895538.1206326,1.7824208636363637
1744895558.600966,1.8929802727272729
1744895579.5969725,1.7289543636363638
1744895600.2227964,1.7966682727272727
1744895620.4474218,1.651011227272727
1744895641.1470582,1.9962550000000001
1744895661.9443371,1.9143269090909092
1744895682.7464628,1.9635587272727273
1744895703.0654912,1.7300935714285712
1744895723.8095489,1.6234238571428572
1744895744.5647213,1.7304183333333334
1744895765.8763149,1.949519681818182
1744895786.5250652,1.822249409090909
1744895806.9504957,1.8813264545454544
1744895827.3130822,1.8154915
1744895847.4768565,2.071793590909091
1744895867.813671,1.7259290909090907
1744895888.1412349,1.982927409090909
1744895908.0836923,1.747047
1744895928.3954947,1.647203380952381
1744895949.2889664,1.6929281428571428
1744895970.0366032,1.9295562857142858
1744895990.464584,1.9372411904761906
1744896011.4124572,1.7978293636363636
1744896032.252348,1.6620310454545455
1744896052.7019627,1.8171405909090907
1744896073.0230968,1.873353
1744896092.8514783,1.8990289545454546
1744896112.8368006,1.8814054090909094
1744896133.708998,1.799239818181818
1744896154.0328503,1.7437305
1744896174.5967686,1.690034909090909
1744896195.2347257,1.9114844285714288
1744896215.1921403,1.7817638571428571
1744896235.8155136,1.714918904761905
1744896256.6356435,1.8215424999999998
1744896276.766693,1.838366
1744896297.5363727,1.823078590909091
1744896318.3394542,1.727215090909091
1744896338.6548278,2.022620272727273
1744896359.267308,2.030063590909091
1744896380.2175744,1.7013309545454547
1744896400.390758,1.5618488181818184
1744896421.1742253,1.9310540454545455
1744896441.6449182,1.858570380952381
1744896462.0867095,1.771444523809524
1744896483.0247705,1.6030747619047618
1744896503.7778373,1.8474598636363637
1744896524.5595424,2.0152251818181814
1744896544.8828363,2.0080110909090907
1744896565.6934903,1.890142409090909
1744896586.4330266,1.6938195
1744896606.9052422,1.8289804545454544
1744896627.3592262,1.872264090909091
1744896648.0154998,1.8572912272727273
1744896668.669707,1.724733142857143
1744896689.6352456,1.7792050476190477
1744896710.3917158,1.791875095238095
1744896731.030557,1.8358135714285713
1744896752.0379794,1.6697703181818182
1744896772.4729903,1.6625798181818183
1744896792.8028286,1.7281301363636365
1744896813.3400724,1.8846705454545456
1744896833.6681485,1.7933595000000002
1744896854.6302853,1.9606004545454545
1744896875.208642,1.8023588636363639
1744896895.4148726,1.9194521818181818
1744896915.5810287,1.6396902727272726
1744896936.3792424,1.7937071818181816
1744896957.3177724,1.8758765454545454
1744896978.0302067,1.9155916363636365
1744896998.6958795,1.7630369545454547
1744897019.1005936,1.736059681818182
1744897040.0998113,2.0860823636363635
1744897061.29212,1.9719646363636365
1744897081.9398856,1.9719460909090911
1744897102.5058973,1.9449474090909091
1744897123.2696414,1.6027573333333334
1744897143.4555805,1.924503761904762
1744897164.0606332,1.8696298571428573
1744897184.6428883,1.8780744545454546
1744897207.565423,1.9156432727272728
1744897229.2747598,1.8021413913043478
1744897250.2502246,1.8246981739130435
1744897270.662716,1.9135077391304347
1744897291.0872338,1.8431092608695654
1744897311.964591,1.705837260869565
1744897332.4122617,1.7413802608695652
1744897353.4262917,1.9232733478260868
1744897374.3798566,1.777515227272727
1744897395.1161897,1.8513041363636362
1744897415.6028547,1.6661796818181818
1744897436.5631516,1.8802701304347824
1744897457.3340666,1.8674565217391306
1744897477.3905308,1.7895781739130434
1744897498.1614943,1.8459782608695654
1744897518.2250876,1.8639020869565217
1744897538.5377522,1.8907802173913042
1744897559.3091333,1.8773445217391305
1744897580.0410779,1.7828666086956522
1744897600.8713214,1.9062893478260872
1744897621.6755579,1.8640759090909091
1744897642.082657,1.8573446363636363
1744897662.381967,1.819541
1744897683.0766785,1.8906587826086956
1744897703.5832427,1.8758563913043478
1744897724.2568069,1.8466791739130435
1744897746.638136,1.9606277826086957
1744897767.4188833,2.0506286956521738
1744897788.232315,1.7395263478260872
1744897809.19751,1.7246598695652176
1744897829.5620852,1.7916881739130432
1744897850.1694305,1.8933346818181818
1744897871.3167253,1.7933813181818181
1744897892.0073345,1.721139260869565
1744897912.5314405,1.9526797826086955
1744897933.516878,1.9448909565217392
1744897953.678019,1.6872035217391304
1744897974.3438683,1.9001124782608696
1744897994.8311524,2.0092285217391304
1744898015.2991474,2.0250155652173913
1744898035.7941453,1.7190286363636362
1744898055.84031,1.7496001818181819
1744898075.6621287,1.940765090909091
1744898096.14212,1.905600227272727
1744898117.0918086,1.9066864090909093
1744898137.72407,1.855823909090909
1744898158.267913,1.8863159545454544
1744898178.4046543,1.7242844999999998
1744898199.010543,1.8621394545454544
1744898219.6066854,1.8263051818181817
1744898240.5355003,1.712543590909091
1744898261.0987978,1.7364189130434782
1744898281.379247,1.882366608695652
1744898302.3749335,1.7569606086956522
1744898323.0812778,1.8943060869565218
1744898343.8791099,1.725017304347826
1744898364.807733,1.7564103043478263
1744898385.2272599,1.888426304347826
1744898406.2392313,1.8616836521739129
1744898427.1246026,2.142000782608696
1744898447.74855,1.9203595217391305
1744898468.4240828,1.6743458636363635
1744898489.0622134,1.9248663636363637
1744898508.8496,1.8637406363636364
1744898529.6453476,1.7334348695652175
1744898550.6654332,1.7492245217391302
1744898570.914384,1.9930156086956523
1744898591.38217,2.014031
1744898611.753594,1.7104331304347826
1744898632.095343,1.8384250869565217
1744898652.5541627,1.9378295217391304
1744898672.718252,3.6378734545454545
1744898693.6329772,1.776706434782609
1744898713.9100204,1.808738695652174
1744898734.8698266,1.8862167826086957
1744898755.654342,1.8075835217391305
1744898775.8054552,1.7478007272727274
1744898796.2175832,1.8861502272727273
1744898816.8074963,1.7588681818181817
1744898836.9718685,1.8259601363636364
1744898857.9727974,1.9369864545454547
1744898878.9044673,1.7457527727272726
1744898899.3939803,1.8788736818181817
1744898920.1070273,1.9140379545454544
1744898940.0535269,1.7940604347826088
1744898960.3290467,1.7262918260869566
1744898981.2058482,1.8357464347826085
1744899001.8489532,1.779457772727273
1744899022.7221391,1.8369480454545455
1744899043.502492,1.7756651818181817
1744899063.8994756,1.922012
1744899084.3959718,1.9315203181818184
1744899104.5797377,1.8155279545454546
1744899124.856401,1.6830847272727274
1744899145.1407406,1.8784109999999998
1744899166.214325,1.7548397826086954
1744899186.2236154,1.892033695652174
1744899206.5067246,1.8894315652173914
1744899227.0425043,1.8008383913043478
1744899247.5345845,1.8258850869565217
1744899267.8231168,1.8610798695652173
1744899288.4135995,1.5499365652173913
1744899308.5730195,1.7026462173913044
1744899328.3966274,1.8373415652173914
1744899348.8762062,1.7892282608695653
1744899369.570886,1.7184547826086956
1744899389.5848074,1.8248895652173913
1744899410.6539178,1.6115552608695651
1744899431.283042,1.6439292173913045
1744899452.120648,1.8811151739130436
1744899472.9239595,1.8561552173913043
1744899493.5611725,1.9337893913043478
1744899514.0509982,1.7170801739130435
1744899535.049906,1.8344180869565219
1744899555.7648337,1.9273602173913043
1744899576.4910414,1.7285989130434785
1744899597.5133696,1.723417652173913
1744899617.2794988,1.736684956521739
1744899637.5722513,1.9576373913043479
1744899658.4652963,1.7797425217391305
1744899678.606522,1.724087913043478
1744899699.1173868,1.8130242173913043
1744899719.8342392,1.7908229130434783
1744899740.5921266,1.7318655217391303
1744899760.3418298,1.9335083043478263
1744899781.5357356,1.8319012173913043
1744899801.7781506,1.8027101304347826
1744899821.6550894,1.784097043478261
1744899842.7154949,1.8952387391304348
1744899862.7995908,1.8746968260869565
1744899882.8324206,1.7562031739130435
1744899903.9914272,1.844511260869565
1744899924.3567817,1.7146172608695651
1744899944.7743309,1.9222734347826087
1744899965.5080395,1.738187304347826
1744899985.836439,1.744804956521739
1744900005.8654497,1.965184739130435
1744900026.5017252,1.9695816521739131
1744900046.6775694,1.834222
1744900067.0269399,1.805691608695652
1744900087.816015,1.8344724782608695
1744900108.2307692,1.807563695652174
1744900128.3741136,1.852604695652174
1744900149.2986364,1.786744347826087
1744900169.1934462,1.8210698695652174
1744900189.8006406,1.7892750869565217
1744900209.833995,1.8563044782608695
1744900230.2731009,1.7736108260869567
1744900250.5927892,1.7733354782608695
1744900271.340576,1.8628335652173913
1744900291.4936924,1.7854829565217392
1744900311.180657,1.8355573913043477
1744900331.82884,1.878008434782609
1744900352.4930942,1.6893438695652174
1744900372.5485947,1.799483
1744900393.4697168,1.9805408695652174
1744900413.987855,1.8143360434782607
1744900434.4867618,1.7929025217391306
1744900455.1417592,1.7733157391304348
1744900475.4772046,1.7156341000000002
1744900496.4236007,2.0033982999999997
1744900516.7502196,1.8553555
1744900536.6046476,1.8037921000000001
1744900556.7301075,1.894104
1744900577.4559288,1.8602357999999999
1744900598.0964515,1.7729974
1744900618.7491293,1.8273989
1744900639.3549495,1.78065185
1744900659.849046,1.55019905
1744900680.4968216,1.6226264210526316
1744900701.1445284,1.8933147894736841
1744900721.4482524,1.9598682105263159
1744900741.31816,1.8719341578947368
1744900762.2199316,1.8204327368421054
1744900782.5166142,1.7637156315789473
1744900803.0262005,1.7221423684210528
1744900823.8857267,1.7301706315789473
1744900844.1109107,1.849100789473684
1744900864.1191423,1.706737105263158
1744900884.994165,1.760709894736842
1744900905.4321542,2.0256067368421053
1744900925.438841,2.0052264736842105
1744900945.6643138,1.653610842105263
1744900966.377411,1.9384500526315789
1744900986.5864933,1.9219200625
1744901006.960723,1.8819117333333333
1744901027.0967174,1.6723588571428571
1744901047.3416522,1.825155923076923
1744901067.7382953,2.027625230769231
1744901088.0962646,1.8521190769230769
1744901108.1791303,1.7040926923076922
1744901129.0573459,1.6203186153846154
1744901149.589411,1.8316223076923077
1744901169.9438057,2.0304053846153844
1744901190.2267382,1.8419504615384616
1744901210.3726065,1.5626100769230769
1744901230.9044592,1.847802
1744901251.7920377,1.9407749230769231
1744901271.9612896,2.046336230769231
1744901291.9728491,1.6780708461538463
1744901311.8763359,1.5713995384615385
1744901331.7664778,1.8695834615384614
1744901351.6773472,1.6564475384615385
1744901372.4674933,1.8880002307692307
1744901392.405435,1.9578664615384616
1744901412.9490635,1.9500676153846153
1744901432.8844993,1.7192074615384614
1744901452.843215,1.988206923076923
1744901473.0616848,1.9330817692307691
1744901493.9223518,1.672986076923077
1744901513.635664,1.7292909230769231
1744901533.7020073,1.9321215384615384
1744901554.4530861,1.8370020769230768
1744901574.2915003,1.7507326923076922
1744901595.0159059,1.8234186923076925
1744901615.9871478,1.8657623076923076
1744901636.3002589,2.0599055384615386
1744901656.215917,1.906263076923077
1744901676.3346875,1.590591153846154
1744901696.3298857,1.9907762307692307
1744901717.1387954,1.8439623846153845
1744901738.1821637,1.8476013076923077
1744901758.5854797,1.7107687692307691
1744901779.3898735,1.7995655384615385
1744901800.1949348,1.7905156923076921
1744901820.171595,1.692965307692308
1744901840.7995858,2.0665956153846157
1744901861.5234818,1.9356547692307693
1744901881.7141132,1.6948690769230768
1744901902.232388,1.6628323076923077
1744901923.1936798,1.878261923076923
1744901944.0315921,1.9656321538461539
1744901964.5150437,1.962961076923077
1744901985.4305363,2.0827630769230767
1744902005.9080386,1.9358156153846156
1744902026.31233,1.8803479230769231
1744902046.4854403,1.747666
1744902066.6457164,1.919711923076923
1744902086.9874525,1.929957923076923
1744902107.8142133,1.815729923076923
1744902128.6125865,1.5936557692307693
1744902149.435061,1.6242581538461538
1744902169.675585,1.4878464615384615
1744902190.1001072,2.0085328461538463
1744902209.941792,1.9283665384615385
1744902230.6224463,1.6947850769230768
1744902251.281136,1.657479076923077
1744902271.732356,1.7616546153846155
1744902291.9363706,1.841554076923077
1744902312.4319363,1.986668923076923
1744902332.9321024,1.6392317692307694
1744902353.8058882,1.5898146153846153
1744902374.1314442,1.7298203076923075
1744902394.6202998,1.9901010000000001
1744902415.6871955,1.893187076923077
1744902435.8704607,1.889800153846154
1744902456.3750346,1.832051923076923
1744902477.0502117,1.8181851538461538
1744902497.0863776,1.9342544615384616
1744902517.6751761,1.9153518461538463
1744902537.5683205,1.8282203076923078
1744902557.6673865,1.698633
1744902577.769341,1.9845610769230768
1744902600.9230874,1.8660326153846154
1744902621.7694676,1.459378230769231
1744902642.1998837,1.7825307692307695
1744902662.635001,1.943925230769231
1744902683.182081,1.880631923076923
1744902703.8838756,1.8318525384615385
1744902724.6520667,1.7174622307692309
1744902745.2509897,1.6815813846153846
1744902765.89883,1.846295
1744902786.6351542,1.7361385384615384
1744902807.0392919,1.6363693076923078
1744902827.4137475,2.029015923076923
1744902848.1947615,1.8774037692307692
1744902868.734099,1.6591898461538461
1744902889.4419687,1.6025888461538462
1744902910.0028808,1.5633484615384616
1744902930.1899614,1.7823045384615384
1744902950.3386652,2.0894665384615383
1744902970.8362002,1.8106846923076922
1744902990.7439141,1.666600923076923
1744903011.1669455,2.1714074615384615
1744903031.46516,2.054406769230769
1744903051.8871179,1.7391466153846156
1744903071.8732069,1.431260923076923
1744903091.8831308,2.052845357142857
1744903111.5915468,1.8341555
1744903131.739902,1.8101072857142857
1744903151.6162956,3.6116730714285716
1744903172.2437093,2.1308374285714287
1744903192.766303,1.9894069333333335
1744903213.7041955,1.6809986666666668
1744903233.9637742,1.7753639333333333
1744903253.8780859,1.8250432
1744903275.1335483,1.9106741999999999
1744903295.1767833,1.7472998666666666
1744903315.2546382,1.9601566666666665
1744903335.8646572,1.6356
1744903356.088394,2.0196256
1744903376.574929,1.9866846
1744903397.1850564,1.7111570666666667
1744903417.4135861,1.8192748666666667
1744903438.0087574,1.8103169333333333
1744903457.925339,2.0255200666666666
1744903478.300064,1.7761537333333335
1744903498.5816052,1.7965969333333334
1744903519.4212208,1.7792977333333333
1744903539.606261,1.9297790666666665
1744903559.2766662,1.8878041333333333
1744903579.706222,1.7309640666666666
1744903600.3396854,1.6153222666666667
1744903620.404366,2.0639608666666667
1744903640.9051998,1.8813404
1744903661.219112,1.7664572666666667
1744903681.3767807,1.7352436
1744903701.8260984,2.1053148
1744903721.9585419,1.7542871538461537
1744903742.1196418,1.7481063076923076
1744903762.4950993,1.9096013076923077
1744903782.5339878,1.7759393076923078
1744903802.4785073,1.9101248461538463
1744903823.5928822,1.751826
1744903844.2790701,1.940077307692308
1744903864.7057571,1.9257494615384614
1744903885.0095406,1.8155874615384617
1744903904.961533,1.665939875
1744903925.0805182,1.9549763125
1744903945.8130815,1.7529409375
1744903965.8637857,1.594985375
1744903985.669178,2.0467238125000002
1744904005.7820468,1.7094338125
1744904025.6688273,1.7422235
1744904045.4024916,2.0016205
1744904065.5566747,1.9430216249999999
1744904085.719755,1.921146125
1744904106.0555809,1.907199823529412
1744904125.910737,2.8285946842105263
1744904145.8913498,1.7891228947368423
1744904166.538511,1.7842336315789473
1744904187.2758386,1.7036523157894736
1744904207.1385865,1.7432147368421052
1744904227.9383802,1.9092663684210525
1744904248.9580898,1.8754313157894738
1744904268.7762356,1.8010356315789473
1744904289.4245539,1.7944693157894738
1744904310.0072894,1.8765085263157892
1744904329.982026,1.8559648947368423
1744904349.8802705,1.9600883157894737
1744904370.1349015,1.7071276842105263
1744904390.243318,1.8815663684210526
1744904410.8994966,2.12042915
1744904431.2036889,1.9510360476190478
1744904451.4495823,1.699156695652174
1744904472.8410347,1.939318391304348
1744904493.2663908,1.9167647826086958
1744904513.4066138,1.9162417391304347
1744904533.763316,1.7693458636363637
1744904554.858101,1.760756090909091
1744904576.1386611,1.8214280454545453
1744904596.1137078,1.9589883636363636
1744904615.9628723,1.9743625
1744904635.7727518,1.9622665454545454
1744904655.5459597,1.9262180454545452
1744904676.5256622,1.9088762727272728
1744904696.7035165,2.049453318181818
1744904717.5437272,1.951504681818182
1744904738.0374615,1.813561909090909
1744904758.2999752,1.829454
1744904778.9184537,1.8588005217391304
1744904799.79248,1.8256057391304348
1744904820.0585837,1.7880401818181817
1744904840.5824108,1.9838397272727273
1744904860.899681,1.8873606363636364
1744904881.260568,1.862654
1744904901.1994987,1.9360509545454543
1744904921.1521194,1.7500261363636362
1744904941.2591326,1.9531554545454546
1744904961.170204,2.0111790454545453
1744904981.378649,1.8055722272727273
1744905002.0344727,1.7957776086956523
1744905022.139953,1.8865430434782609
1744905042.2681763,1.7319871304347827
1744905062.254223,1.8480780454545453
1744905082.9329853,1.8009871304347826
1744905103.2269714,1.827864695652174
1744905123.5710325,2.0526319130434785
1744905143.495958,1.9597405217391306
1744905164.1642492,1.8532926956521738
1744905183.8498924,1.9360026956521739
1744905204.3622367,1.7917337826086956
1744905225.3263078,1.8684306521739131
1744905245.3588521,1.8150496818181816
1744905265.84698,1.760164409090909
1744905286.7042303,1.9466987826086954
1744905307.1205401,1.8966357391304347
1744905327.4589126,1.9655384347826086
1744905348.0637283,1.8314303043478262
1744905368.5952072,1.8047676086956523
1744905389.0766542,1.9739859999999998
1744905409.736938,2.044155304347826
1744905429.925,1.9501084782608695
1744905450.4358544,1.9012172608695652
1744905470.3393192,1.838701090909091
1744905490.8199253,1.7204805454545455
1744905511.258058,1.8900364090909092
1744905532.2104318,1.9720779565217392
1744905552.5377867,1.8335458260869566
1744905573.2883081,1.8583206521739128
1744905593.8616335,1.8805554347826088
1744905614.4249005,1.9712870434782608
1744905635.2846208,1.8971034782608698
1744905655.3695989,1.9117834782608696
1744905675.2803652,1.9095667826086957
1744905695.45279,1.9547125652173911
1744905715.3106673,1.6141289545454547
1744905735.8473425,1.9350542727272726
1744905755.890449,1.7287066363636363
1744905776.1915321,1.8954156521739132
1744905796.1632104,2.009332217391304
1744905815.9868631,1.8706051739130434
1744905836.560656,1.8741033043478261
1744905856.7405853,1.7884081739130433
1744905876.7976277,1.8048185652173914
1744905897.0587204,1.9674819565217392
1744905917.5486114,1.8153682608695652
1744905938.2228708,1.76167
1744905958.9144473,1.9535455454545456
1744905979.146188,1.8548730454545455
1744905999.6663425,1.7890910869565217
1744906019.9302201,1.9350458260869565
1744906040.1740654,1.8985671363636363
1744906060.6616383,1.8088640909090907
1744906081.3902383,1.9286237727272728
1744906101.5827591,1.8853641363636364
1744906121.9129338,1.8549592727272726
1744906142.6217675,1.9046298181818182
1744906163.331401,2.008069227272727
1744906183.7013974,1.8083403333333332
1744906204.7337174,1.6640584761904762
1744906225.1887002,1.7543377142857144
1744906245.3803067,1.928041142857143
1744906265.73046,1.954168272727273
1744906285.7531655,1.8638285
1744906305.6151338,1.9119016818181818
1744906326.0235944,1.791301909090909
1744906346.453404,2.0584915909090906
1744906366.7445521,2.0514900454545457
1744906386.95121,1.7455792727272728
1744906407.1713903,1.8394641363636361
1744906427.656139,1.9810379545454546
1744906448.1204317,1.7722585238095239
1744906469.0554662,1.953014142857143
1744906489.580965,1.904914761904762
1744906510.196613,2.272626318181818
1744906530.5461411,1.8789702727272726
1744906550.8798022,2.1118598181818182
1744906571.7061303,1.8642625454545454
1744906591.9499888,1.882722090909091
1744906612.1830497,1.759394409090909
1744906632.6971428,1.908609238095238
1744906653.0020156,1.9522345
1744906673.3667023,1.650918772727273
1744906693.907749,1.8962994761904761
1744906713.9626117,2.0710650476190473
1744906734.3551376,1.6624103333333333
1744906754.3677552,1.7566948636363635
1744906774.3967645,1.9762228181818182
1744906794.1017573,1.9114806818181818
1744906814.8687294,1.9065049545454544
1744906835.2983828,1.8233337727272727
1744906855.7958188,1.8580435
1744906876.0235038,2.013736454545455
1744906896.1664073,1.8717242272727275
1744906916.5572267,1.9498995
1744906937.210617,1.9480584761904762
1744906957.5271783,1.8915886666666668
1744906977.8827896,1.6720468095238095
1744906998.4073753,1.895882090909091
1744907019.0730314,1.8662468181818184
1744907039.2735357,1.8507344545454545
1744907059.9953165,2.0262655
1744907080.1685781,2.017993
1744907100.8023517,1.7630405454545455
1744907121.3349686,1.6148446363636362
1744907141.4046774,1.9907361363636362
1744907161.1461337,1.9740570476190478
1744907181.9269695,1.7785404761904762
1744907201.7752998,1.8958344761904764
1744907221.61836,1.7925299545454545
1744907241.3152847,1.8425655454545455
1744907261.4761076,1.899782090909091
1744907281.3300622,1.8171141818181817
1744907302.215905,1.9536259545454546
1744907323.3470569,1.9580410454545456
1744907343.6278183,1.8070464545454543
1744907363.6388335,1.7193522727272728
1744907383.9197454,1.9662280454545453
1744907404.1671457,1.7466804285714286
1744907424.4856832,1.75349695
1744907444.8621416,1.89412955
1744907465.6183689,1.902619476190476
1744907485.783004,1.7228729999999999
1744907505.918269,1.999430380952381
1744907526.3409843,1.8956970952380952
1744907546.567115,1.9040977619047619
1744907566.7179105,1.822456
1744907586.647259,1.8459436666666666
1744907607.4590306,1.9901687142857143
1744907627.8688126,2.085977333333333
1744907648.6154966,1.8236472
1744907669.1613653,1.7656257
1744907689.4884896,1.98219585
1744907709.7931983,1.9573973333333334
1744907730.5538952,1.899017761904762
1744907751.3626318,1.8013171428571428
1744907772.4330842,1.9860755714285712
1744907793.084165,1.9133824285714285
1744907813.349574,1.8177807619047617
1744907833.5113316,2.03106380952381
1744907854.0867991,1.9400499523809525
1744907874.395467,2.068676285714286
1744907894.341807,1.64055085
1744907914.6905072,1.9499930952380953
1744907935.2066882,1.9598143333333333
1744907955.415656,1.8231596363636364
1744907976.358786,1.9463190454545454
1744907999.4096782,1.9933431363636365
1744908019.8066206,1.7854590000000001
1744908039.8591533,1.8149854782608696
1744908060.1349933,1.796278
1744908080.6611478,1.9162962608695653
1744908101.5835261,1.920498956521739
1744908122.8208275,1.8245126363636361
1744908143.2557626,1.8949865454545454
1744908163.2838693,1.9356971363636364
1744908183.828323,1.7928855652173912
1744908204.002881,2.0893419130434783
1744908224.0313644,1.833999043478261
1744908244.541917,1.6480844782608697
1744908264.5039158,1.8559108695652173
1744908284.383299,1.8503146956521739
1744908304.895137,1.9906164782608697
1744908325.146842,1.869665608695652
1744908345.7395935,1.9636438695652174
1744908365.932518,1.977584090909091
1744908385.8689206,1.9779433181818182
1744908406.233153,1.8465131363636365
1744908426.151976,2.0733404782608695
1744908445.989398,1.7809126521739131
1744908466.5002167,1.9136496956521738
1744908486.9942412,1.9643419999999998
1744908507.128476,1.9141618260869566
1744908527.4599319,1.9688103913043478
1744908549.191099,2.0328284782608694
1744908569.80756,2.0033487826086955
1744908590.7343907,1.8775534347826086
1744908611.1968803,1.734156818181818
1744908631.3449304,1.8250373636363635
1744908652.0899878,1.969997
1744908672.6639602,1.7817131304347826
1744908692.4979615,1.8315331304347826
1744908713.3682454,2.0502357826086954
1744908733.7474713,1.8744688260869566
1744908753.3724835,1.799706043478261
1744908773.8486938,2.0010621739130436
1744908794.7679248,1.8190600869565219
1744908814.702759,1.7692087391304347
1744908834.9056716,1.8272429130434782
1744908855.2340162,1.8713162173913043
1744908875.1435568,1.8433261304347826
1744908896.0584314,1.9171324347826086
1744908916.4715133,1.9667767391304347
1744908936.520449,1.7316560434782609
1744908957.0201783,1.834581
1744908976.984124,1.9024727826086956
1744908996.9420981,1.7454962173913044
1744909017.2407732,1.888387
1744909037.516616,1.961719181818182
1744909057.6253366,1.9185448636363638
1744909078.3336074,2.0264106363636363
1744909098.1009345,1.7880787727272727
1744909118.239858,2.0282215000000003
1744909138.765149,1.885507681818182
1744909158.558702,1.9569876818181817
1744909179.5331225,2.002943363636364
1744909199.5309203,1.9354250909090909
1744909219.334548,1.8778508636363638
1744909239.918433,1.9496718181818182
1744909259.829736,1.762247956521739
1744909279.8984115,1.9649390869565218
1744909300.4856114,1.8223471363636363
1744909321.0625634,2.0122387272727273
1744909340.765669,2.056416863636364
1744909361.555007,1.9095143181818182
1744909381.5334918,1.936548
1744909401.2281368,2.0504851363636365
1744909421.3883467,1.9174886818181818
1744909442.1496792,1.897478272727273
1744909462.1546848,1.9922562727272728
1744909482.407233,1.8015292608695652
1744909502.6012237,1.8841515217391305
1744909522.4400806,1.7970994347826086
1744909542.591083,1.758600409090909
1744909563.0045743,1.9353902727272727
1744909582.7412207,1.6945282727272728
1744909602.890502,2.0425115909090907
1744909623.27152,1.9084322272727272
1744909643.045151,1.9202339545454548
1744909663.5269976,1.9778284545454545
1744909683.9330513,1.8989236363636364
1744909703.7896912,2.0601261818181817
1744909723.9535737,1.8751375652173912
1744909744.6101465,1.8470905652173912
1744909765.1229808,1.9483459565217391
1744909784.9321494,2.0830365454545454
1744909805.3437274,1.854789
1744909825.936908,1.9676864090909092
1744909845.8393872,2.052252454545455
1744909866.3974993,1.7873388636363636
1744909886.7690358,1.9386624545454545
1744909907.0216663,2.025735545454545
1744909927.2657948,1.8180045
1744909947.5702674,1.9174024782608696
1744909967.5835042,1.9115347826086957
1744909987.6332755,1.7775711739130435
1744910007.6062236,1.9496556521739128
1744910027.3024716,1.8001059130434782
1744910048.217203,1.929712695652174
1744910068.175979,1.9805748695652172
1744910088.480781,1.7141729565217392
1744910109.311981,2.8512037391304346
1744910129.747715,1.9988601304347824
1744910150.2745523,1.8034534782608695
1744910171.1203182,1.954643304347826
1744910191.7822573,1.848868695652174
1744910212.284657,1.7305987826086957
1744910232.9673927,1.9530268695652173
1744910253.784138,2.0238708695652177
1744910273.9837148,1.727315913043478
1744910294.8370473,1.8183006086956524
1744910315.2255309,1.9392099565217393
1744910335.6885695,1.8889392173913044
1744910356.394809,1.8715692173913043
1744910376.5368342,1.755360304347826
1744910396.565188,1.7537049130434783
1744910416.9390574,1.7902525652173913
1744910437.378322,1.9379951739130434
1744910457.4116957,1.9591745652173913
1744910478.1291347,1.9022222608695651
1744910498.2607741,2.0406707826086956
1744910518.2406542,2.0713322173913045
1744910539.2219036,1.911944695652174
1744910559.637525,2.2079305652173913
1744910579.71202,1.990420590909091
1744910599.8420258,1.6657325454545455
1744910620.0014708,1.9523992727272728
1744910639.6647096,1.8662761363636364
1744910659.8021352,2.0359955909090908
1744910679.7076437,1.8764539999999998
1744910699.8014433,1.8989057272727272
1744910720.5711615,1.9845231818181817
1744910740.578625,1.9208640000000001
1744910760.749304,1.7449631818181819
1744910781.7880845,1.9658495454545457
1744910802.078523,1.9020691818181819
1744910821.8156154,1.8622720454545456
1744910842.569672,1.973345090909091
1744910862.7968657,1.8851326363636363
1744910882.9606578,1.625571
1744910903.3047686,1.9550865
1744910923.4860272,1.6921666363636363
1744910943.8034987,1.9177897727272728
1744910964.328445,1.8401317727272728
1744910984.3629467,1.852133318181818
1744911004.8469198,1.852590909090909
1744911025.4985902,2.0174802727272727
1744911045.8731396,1.9355897727272726
1744911066.4608297,1.8381823181818182
1744911086.8912935,1.9609397272727271
1744911107.0993347,1.9556078181818182
1744911127.115081,1.949363727272727
1744911147.9751859,1.925426590909091
1744911168.4124594,1.953759090909091
1744911188.7342064,1.8788912727272729
1744911209.2379978,1.8415195909090907
1744911229.5419908,2.107465090909091
1744911250.123919,1.9097175909090909
1744911270.5841637,1.9627502631578946
1744911290.950292,2.304314052631579
1744911311.3345716,1.8381295789473684
1744911331.9996555,1.824908210526316
1744911351.9137127,2.0175680000000003
1744911372.238212,1.9990457894736842
1744911393.002643,1.67806255
1744911413.6157677,1.9491037894736842
1744911433.65507,1.6821952105263158
1744911453.8628314,1.9640122631578947
1744911474.317051,2.00017655
1744911494.471839,1.7143285
1744911514.4140427,1.9065351499999998
1744911535.1278296,1.9184062999999998
1744911554.993417,1.62486055
1744911575.0247405,1.9340655500000001
1744911595.509484,1.86039675
1744911615.7862105,1.9728062000000002
1744911635.8626235,2.0421977
1744911656.425678,1.72211495
1744911676.3241885,2.02109395
1744911697.3984263,1.88581945
1744911717.9271128,1.9127298499999998
1744911738.2836666,1.8637266499999998
1744911758.3714778,1.8357736500000001
1744911778.626683,1.9834237647058823
1744911798.6730146,2.0306125625
1744911819.1554952,1.9664255714285714
1744911839.4488015,1.8115364285714286
1744911859.3828773,1.8691984285714285
1744911880.161392,1.7735170714285715
1744911900.335087,1.7893187142857143
1744911920.210637,2.2309395
1744911940.1057067,2.019879285714286
1744911960.356332,1.7669385
1744911980.193547,1.9332975714285714
1744912000.938623,1.9277300714285714
1744912020.6605778,1.787592642857143
1744912041.1603382,1.7831484285714285
1744912061.8581667,1.9075493571428572
1744912083.0826707,2.311206714285714
1744912103.6171715,2.1710565714285712
1744912123.5497851,1.920126
1744912144.2581282,1.8899362857142858
1744912165.003126,1.8177207142857144
1744912184.7626379,1.9208605
1744912204.9643202,1.7619737857142856
1744912225.4490001,1.7117914285714286
1744912245.3397133,1.7976505
1744912266.4511454,2.104010785714286
1744912286.8063931,1.9783328571428573
1744912307.5911982,1.9539801428571428
1744912327.5697408,1.847414285714286
1744912348.2041705,1.9829237857142858
1744912368.5485,1.9792677142857145
1744912388.714539,1.958947642857143
1744912409.16401,1.8078914285714287
1744912429.8479493,1.8364699285714285
1744912450.6335382,1.9064204999999999
1744912470.951649,1.741917357142857
1744912491.0461829,2.250414857142857
1744912511.5475397,2.0350559285714285
1744912531.8737054,1.9073993571428571
1744912552.8243148,3.321705285714286
1744912573.3502343,3.5187988571428575
1744912594.189886,3.665785857142857
1744912614.9684427,3.4941880714285714
1744912635.8475096,3.832278714285714
1744912656.092121,3.630929857142857
1744912676.7536476,3.334417857142857
1744912697.273516,3.5911155384615387
1744912717.1938205,3.900722
1744912737.6487494,3.6777132307692306
1744912758.4386964,3.337480153846154
1744912778.5019846,3.4563836923076923
1744912798.6053598,2.6587084615384615
1744912818.7997067,2.476435384615385
1744912839.1793945,2.7379152307692305
1744912860.0367906,2.68953
1744912880.2570832,2.5416982307692306
1744912900.0170689,2.860604538461539
1744912920.731768,2.5252839999999996
1744912941.4385328,2.636592076923077
1744912961.6940386,2.651400846153846
1744912982.6273293,2.6716833076923074
1744913002.4905953,2.7269900000000002
1744913022.6811829,2.5060606153846154
1744913043.3260672,2.6149023076923075
1744913063.8854454,2.735135615384616
1744913084.363972,2.548099230769231
1744913104.8320355,2.7378795384615384
1744913125.39317,2.728996846153846
1744913145.786862,2.6393177692307694
1744913166.7791953,2.597611923076923
1744913187.3387027,2.554695
1744913207.9626565,2.821999615384615
1744913228.9698088,2.8025826153846154
1744913248.892665,2.6702193846153843
1744913269.2761993,2.5762820769230768
1744913289.7720053,2.7269344615384616
1744913310.5620892,2.777832076923077
1744913330.8978763,2.570530076923077
1744913351.3178005,2.599117461538462
1744913371.2421696,2.765874076923077
1744913394.8382864,2.6402080000000003
1744913415.169312,2.757013538461538
1744913435.2405496,2.667435
1744913455.3603914,2.854927230769231
1744913476.0408149,2.207157846153846
1744913495.8612654,2.1183914615384616
1744913515.783493,1.7158645384615385
1744913535.8012872,2.115623846153846
1744913556.2987418,1.8666793846153846
1744913576.518739,1.7099286923076922
1744913597.520152,1.8546589230769233
1744913617.4936185,2.335398692307692
1744913637.346994,1.9708413076923075
1744913658.1224494,1.9729794615384615
1744913678.4191809,1.6379066923076924
1744913698.4657342,1.8862333076923077
1744913719.19219,2.032907923076923
1744913739.0830736,2.0301804615384613
1744913759.7385793,1.8770906923076924
1744913780.781266,1.9558853846153847
1744913800.5207536,1.972578076923077
1744913821.3500135,1.9371046923076922
1744913842.3330681,1.8390006923076923
1744913862.5934045,1.8609539230769232
1744913883.453037,1.7026926153846154
1744913904.235796,1.6375935384615385
1744913924.1897047,1.7713430000000001
1744913944.1335058,2.044533615384615
1744913964.0986674,1.6424187692307692
1744913984.8100557,1.9812486153846154
1744914004.5890844,2.0264857692307694
1744914024.5524874,1.6631047692307692
1744914044.7584488,1.8711523076923078
1744914065.12648,1.9531016923076925
1744914085.8814762,1.801802
1744914105.6891532,1.9010957692307693
1744914125.601922,1.7159693846153845
1744914145.9339838,2.339989846153846
1744914166.7960439,2.010829
1744914186.9691856,1.8593003846153846
1744914208.7706409,1.7034145384615385
1744914228.548174,1.584732076923077
1744914249.2493877,2.1419384615384613
1744914269.742194,2.172134153846154
1744914290.434873,1.9857767142857143
1744914311.1376307,1.838304857142857
1744914331.841199,1.7694393571428573
1744914352.248835,1.781289357142857
1744914372.588489,1.8736162142857142
1744914393.1513507,2.1420190714285714
1744914412.9150932,1.9189162142857141
1744914433.8156939,1.9926797857142857
1744914454.4890668,4.296441285714286
1744914474.8967855,1.9949555714285714
1744914495.5746932,1.9416751428571428
1744914515.951221,2.0429049285714287
1744914535.8399837,1.720698
1744914556.5404027,2.0600177142857143
1744914577.371119,1.9479468571428573
1744914597.4511716,2.113368285714286
1744914617.6605737,1.9776075714285715
1744914638.4168584,1.8441025714285715
1744914659.3408012,1.816708142857143
1744914679.2123916,1.9762552142857144
1744914699.7654507,1.9017892666666667
1744914720.1022441,2.0090660588235294
1744914740.2623155,1.7356153529411764
1744914761.2447832,1.6211386470588234
1744914781.8968349,2.0277331176470588
1744914802.7749717,2.1709904117647056
1744914823.0998638,2.0618272352941176
1744914843.175772,1.9735620588235296
1744914863.0106657,1.6115559411764706
1744914883.9019392,2.1112660588235292
1744914904.4915648,2.002853722222222
1744914925.328399,2.160244666666667
1744914946.000036,2.009741611111111
1744914965.729206,1.8523126666666667
1744914986.3841517,1.7572627777777778
1744915006.6477325,1.981780277777778
1744915027.3787618,2.132363333333333
1744915048.5283053,2.0941145555555556
1744915068.9170854,1.9217336111111112
1744915088.7863953,1.6696503333333332
1744915108.8801854,1.9363635
1744915129.0127034,1.812868222222222
1744915149.10084,1.9027712222222222
1744915186.4267976,1.715476888888889
1744915206.1890054,1.9459599444444444
1744915226.4245257,1.9851997894736841
1744915246.5009818,2.067428904761905
1744915266.7220404,1.7597223478260868
1744915287.0583684,2.003825090909091
1744915307.7574253,1.9461094545454545
1744915328.352458,1.8793641818181819
1744915348.9299002,1.8444292272727274
1744915369.0088012,1.9607609545454545
1744915388.9259062,1.9690295
1744915408.86206,1.8230148181818182
1744915428.9124327,1.9781552727272727
1744915449.2072463,1.6657744545454547
1744915470.070414,1.8671855909090909
1744915490.2771075,1.928769318181818
1744915510.5022693,1.779744909090909
1744915553.6092827,2.04334447826087
1744915574.4766767,1.7654248695652173
1744915595.6181762,1.958816652173913
1744915616.7128544,1.9936940434782608
1744915636.9961326,2.1185222173913045
1744915657.4793422,1.9794107826086957
1744915677.7007258,2.0467071304347826
1744915698.620026,1.847070086956522
1744915718.965035,2.027624818181818
1744915739.3648841,1.8413390454545455
1744915759.648182,1.657953818181818
1744915779.8006053,1.982797043478261
1744915814.8161333,1.8649691739130436
1744915835.8503306,1.926971
1744915856.784675,2.1507770434782607
1744915877.383537,1.927312956521739
1744915898.8597634,1.9821588695652175
1744915919.3951921,1.837795956521739
1744915939.3168726,1.7908634782608697
1744915960.285983,2.086647636363636
1744915980.5861926,1.9469782272727272
1744916001.450673,1.8139867272727273
1744916021.8056705,1.9514264347826085
1744916042.2026038,2.1632117826086956
1744916062.738643,1.9615329130434782
1744916103.759986,1.9347162608695654
1744916124.540988,2.0796812173913044
1744916144.9077926,1.9287621304347824
1744916165.7507524,1.837921347826087
1744916185.862226,1.8806730434782608
1744916206.1027257,1.9867058636363637
1744916226.9890575,1.9832980454545455
1744916247.5423746,1.7416293636363636
1744916268.2810435,2.1641065217391304
1744916290.214387,2.1396245652173915
1744916311.1344,1.9907918695652174
1744916331.7338505,1.9554557272727273
1744916352.554107,1.9614909545454544
1744916385.385115,1.9926203636363637
1744916407.0499256,1.8550879545454544
1744916427.821601,1.8048206363636365
1744916449.0308204,1.8928138181818184
1744916470.543496,1.9863132272727275
1744916491.5972085,1.8881817727272727
1744916512.1555777,2.026463
1744916532.9372299,1.9804790454545453
1744916575.9224577,1.96154
1744916596.2021487,1.9703417272727273
1744916617.3574197,1.9165811363636365
1744916637.380166,1.7698192727272728
1744916657.8095,2.143624772727273
1744916678.2504535,1.880565
1744916698.3018024,1.8090914545454546
1744916718.5535228,1.9221404999999998
1744916739.5437398,1.8193983636363635
1744916760.3310251,1.963247043478261
1744916781.3109698,1.9210995909090907
1744916801.5584517,1.9098886086956524
1744916821.988808,1.9401205217391304
1744916842.4525802,1.8323248260869565
1744916862.7341342,1.92154
1744916883.6388218,2.006128304347826
1744916903.7701054,1.980903304347826
1744916924.7456377,1.9179017826086957
1744916944.9073637,1.8181815454545456
1744916980.340868,1.9009460454545455
1744917001.323419,2.113755739130435
1744917022.0949724,1.9758912173913044
1744917043.0484784,2.0105144782608697
1744917063.38955,2.1757021304347823
1744917083.5037417,1.971562304347826
1744917103.8601065,1.9114735217391303
1744917123.9811516,2.0074556521739133
1744917145.5724056,2.032133391304348
1744917166.713804,2.0428802173913043
1744917186.7053733,1.9225099545454547
1744917207.2986696,1.8251276818181816
1744917227.3338065,1.892354909090909
1744917247.3562782,1.972566695652174
1744917267.78533,1.9848391304347826
1744917288.7273397,1.973765304347826
1744917309.2655315,1.9667740869565218
1744917329.5176554,1.8303802608695652
1744917350.3738034,1.9767727391304348
1744917370.9021006,2.0660084347826086
1744917391.1172671,1.919202304347826
1744917411.0613847,2.002751956521739
1744917431.6198633,2.0222744545454545
1744917451.85843,1.8523918181818182
1744917472.9858098,1.8177361818181816
1744917493.6782572,1.9352923913043478
1744917514.094006,1.994446304347826
1744917534.4337409,2.0175855652173915
1744917554.4427192,1.9417744347826087
1744917574.6746788,2.091027347826087
1744917596.6495075,2.023939
1744917616.8195338,2.0811558695652175
1744917636.9571614,1.8729936956521738
1744917657.087123,1.9119761363636363
1744917677.991196,1.9947605454545454
1744917698.3528206,1.8354545454545457
1744917718.545301,2.113962909090909
1744917758.2241983,2.0304355652173913
1744917778.208817,1.9595857826086955
1744917799.155148,1.8896040434782608
1744917819.890325,1.9270441304347827
1744917840.3609087,2.0698568695652173
1744917861.0781643,1.9882348260869567
1744917881.5167458,1.7989849565217393
1744917902.4370933,1.9605554347826089
1744917922.8662605,1.8871635454545455
1744917943.4236953,1.8625195454545456
1744917963.9697824,1.7936497727272729
1744917984.1281564,2.063014739130435
1744918018.570034,1.8709171304347827
1744918039.5734198,1.870630260869565
1744918059.842777,2.179753434782609
1744918080.0598545,2.014834043478261
1744918100.0513952,1.8538611304347827
1744918120.3116374,2.084745
1744918140.709672,2.051169695652174
1744918161.3411264,1.7716440454545455
1744918181.560479,1.9666649999999999
1744918201.6488576,1.9158908636363636
1744918221.7517679,1.9419000434782607
1744918242.0640297,1.9933672608695654
1744918262.3851202,1.903212043478261
1744918296.1370955,1.9946373478260868
1744918316.4113226,2.055702304347826
1744918337.984822,2.058257695652174
1744918358.626217,2.1271683478260868
1744918379.5866618,2.066638391304348
1744918400.3500426,1.8999734545454545
1744918420.7546847,1.781787818181818
1744918441.3600602,2.0606113181818184
1744918462.284642,2.043055043478261
1744918482.9020982,1.9930977826086955
1744918503.7687702,1.9740759130434782
1744918524.3632042,1.9359675217391306
1744918544.3637116,2.0846912173913044
1744918585.8195574,1.872712
1744918606.0171866,1.8731778695652173
1744918626.519987,1.8728844090909091
1744918646.6870654,1.877833590909091
1744918666.9021358,1.8725482272727272
1744918686.8905296,2.0131331363636367
1744918707.880181,1.826174652173913
1744918728.3004951,1.8988475217391305
1744918748.3050232,2.0955538695652174
1744918768.64866,1.9834053478260871
1744918796.0514152,1.8460433043478262
1744918816.4644997,1.8011109130434781
1744918837.7065141,1.9408281363636364
1744918858.8253665,2.092832681818182
1744918879.1146135,1.9014122173913044
1744918900.743065,1.8096151304347825
1744918921.3716767,1.8788032173913043
1744918941.964075,1.8126796363636364
1744918963.2032175,2.044151347826087
1744918983.7664182,2.2277674347826086
1744919004.163963,2.063096652173913
1744919025.5073225,1.8306705217391304
1744919046.325726,1.8173437826086956
1744919066.8205676,1.9258523913043477
1744919087.245986,1.9743767826086955
1744919107.5838034,2.0751411739130434
1744919127.5465965,1.8647312272727274
1744919148.201437,1.9517014545454545
1744919181.313287,1.9735650454545455
1744919202.1128283,2.0037068695652174
1744919222.3289094,1.8785438695652172
1744919242.7456496,1.9074091304347827
1744919263.815096,2.130787956521739
1744919284.8428342,2.102687347826087
1744919305.9875572,1.984122956521739
1744919326.2031655,1.9578314782608697
1744919347.219981,1.8704997826086958
1744919367.5533118,1.907893
1744919388.2556562,1.9501269130434782
1744919409.188922,1.9216661304347826
1744919431.158828,1.9500055454545455
1744919451.7765408,1.9968761363636363
1744919471.906457,1.8102686818181817
1744919492.0511131,2.0307850454545453
1744919512.2687137,2.0144250454545456
1744919532.6481082,1.8671915909090908
1744919553.3612418,2.029155909090909
1744919573.6044312,2.1442176363636363
1744919595.1721096,1.8917136086956523
1744919615.8629262,1.8440670454545454
1744919636.261939,1.9826869545454544
1744919656.288644,1.879666909090909
1744919676.5822008,1.7991970869565217
1744919696.9675071,2.0550812173913044
1744919718.1868322,2.0588291739130433
1744919738.3639276,2.087440869565217
1744919759.0875406,1.978567347826087
1744919780.1779313,1.985803
1744919800.3328657,2.0249411739130436
1744919821.446466,2.0038775217391303
1744919842.227247,2.0128934545454547
1744919862.9168699,1.8654645
1744919883.2602613,1.8516940454545454
1744919903.8042066,2.058734086956522
1744919924.7478104,2.0543032608695655
1744919945.3513348,1.9878620869565216
1744919965.66967,1.9155101739130433
1744919986.2434797,1.9910451739130435
1744920006.5159326,2.2565646956521737
1744920027.6718245,1.876947695652174
1744920047.986746,2.011743
1744920068.3228226,2.146977909090909
1744920088.8333,2.0459319130434785
1744920109.0090947,1.8541100000000001
1744920149.2971666,2.042082590909091
1744920169.766149,1.8893848636363637
1744920189.9012177,2.0544449545454544
1744920210.7883344,1.9907509090909092
1744920231.131648,1.8399983636363637
1744920251.5273392,1.974413318181818
1744920272.1906314,2.0739071363636365
1744920292.4556327,1.8986743636363637
1744920313.1159077,2.0661721363636363
1744920333.9946184,2.005178086956522
1744920354.8960428,2.0461086086956524
1744920384.1782584,1.9529905217391303
1744920404.4643185,1.8900176363636363
1744920446.0010216,2.1061791363636364
1744920467.0510082,2.028724318181818
1744920487.1792367,1.8754706818181817
1744920508.246108,2.0568314545454545
1744920528.677464,2.022734727272727
1744920549.5230584,2.0723235454545454
1744920569.5812397,1.8713535217391304
1744920590.3411515,1.9480850869565216
1744920610.77364,2.0273807391304346
1744920631.0471034,2.043845863636364
1744920651.3747437,1.8465461363636364
1744920673.1945977,1.8865148181818183
1744920693.8409312,2.130814772727273
1744920714.0284681,2.0884549545454547
1744920734.4575462,1.9801282727272727
1744920755.2547607,2.009696590909091
1744920776.0898554,2.170426681818182
1744920796.8683927,2.0761564090909093
1744920817.1452608,1.963051304347826
1744920837.8009143,1.971709391304348
1744920858.3084655,2.0637703636363636
1744920879.176318,1.9845258181818182
1744920899.7619212,2.0119284545454543
1744920920.1161807,1.9695083636363635
1744920940.2927465,1.8817276363636362
1744920961.3509142,1.9606886363636364
1744920981.6304262,2.082914
1744921002.2486482,1.8921147727272727
1744921035.4601042,1.857696
1744921056.1307285,3.0685187826086953
1744921091.9982271,2.067430652173913
1744921112.9677455,2.1284075
1744921134.012207,1.9571375000000002
1744921154.2440417,2.0073321818181817
1744921174.6677544,1.8860706818181818
1744921218.0553515,2.0419269545454544
1744921239.1739776,1.913114272727273
1744921259.951369,1.9538513636363637
1744921280.4449792,1.9915189130434783
1744921301.3956552,2.0459502173913044
1744921321.4944348,2.0294578636363636
1744921342.418847,1.9203033636363636
1744921362.8679566,2.0036296363636366
1744921383.7671964,2.0545291363636364
1744921404.7477825,2.000973181818182
1744921425.244703,1.8177874545454544
1744921460.0241342,2.1144228636363636
1744921480.3954504,1.9890842272727272
1744921500.9793262,1.981781652173913
1744921520.9563231,2.056984608695652
1744921541.4092567,2.1137645652173913
1744921562.0892115,1.8493990454545455
1744921582.8146093,2.0204300909090906
1744921603.255361,1.9694081304347828
1744921623.2896729,2.009560652173913
1744921643.5965877,1.9960306521739128
1744921664.0636756,2.175512913043478
1744921684.6672738,1.9281589090909093
1744921704.9239767,1.915894681818182
1744921725.6200233,1.9736545
1744921745.939908,1.898324090909091
1744921766.7980924,1.8484306363636365
1744921789.3378599,1.8225380454545457
1744921831.0915031,1.9216293636363637
1744921851.2670004,1.9484505909090908
1744921871.3272367,2.198204636363636
1744921891.3552341,1.8611076363636363
1744921912.4131062,2.0451673181818184
1744921932.9112308,2.0928761363636363
1744921953.0628223,1.949494318181818
1744921973.5487645,1.7114980000000002
1744921994.3553164,1.9948219090909092
1744922014.465712,2.0076419545454547
1744922035.746939,2.0897703636363634
1744922056.2432225,1.848295409090909
1744922076.8764498,1.881857619047619
1744922097.3385592,1.9874895714285712
1744922117.6853123,2.015374
1744922138.9714494,1.977145857142857
1744922159.8594513,1.9270307368421054
1744922180.4947996,1.913117842105263
1744922200.7925353,1.970191947368421
1744922221.5171115,1.9921054210526317
1744922241.6544428,2.017899842105263
1744922262.447136,1.9426967894736844
1744922282.6017172,1.8677575000000002
1744922302.6323638,2.0918206111111113
1744922322.728645,1.9339998333333333
1744922343.34081,2.0004707222222224
1744922363.994987,2.144757222222222
1744922384.5778177,1.754799
1744922404.8695452,1.9088307222222223
1744922448.7309315,1.889496888888889
1744922468.8021104,2.1148807222222223
1744922488.954873,2.191948833333333
1744922509.3297958,2.0929412777777774
1744922530.349983,2.082138222222222
1744922551.1001415,1.9198991666666667
1744922571.6439161,2.16314345
1744922591.7104585,2.076101117647059
1744922612.6769361,1.9860948125
1744922633.4695923,2.0634409375000002
1744922654.0251856,2.096359625
1744922674.5852454,2.0714965714285714
1744922694.8699386,1.850387
1744922715.6933653,1.8598372857142855
1744922736.1013498,2.0480113571428573
1744922756.4780238,1.9204617142857143
1744922776.4696994,1.7667583571428571
1744922797.4887073,2.0455995000000002
1744922818.3969545,1.9859755714285714
1744922838.473459,2.184633857142857
1744922859.316943,1.9414591428571428
1744922880.1236048,2.1407935714285715
1744922901.0292625,1.8510423571428571
1744922921.53249,1.8287202857142855
1744922941.76965,1.693784857142857
1744922962.6139722,2.2063365714285714
1744922983.5602927,1.9699852857142857
1744923004.4885793,2.177142857142857
1744923025.3916135,1.8125256428571428
1744923045.8943803,2.0162397857142857
1744923066.5669596,1.9135279285714284
1744923086.63493,1.8908242142857143
1744923106.7711294,1.8124870714285712
1744923127.2705512,1.8734862857142858
1744923148.201287,2.0817500714285715
1744923168.7685575,2.2409260714285715
1744923188.689915,1.9332942142857144
1744923208.6662812,2.095469714285714
1744923229.4844007,1.9509365714285714
1744923249.9942117,2.0305801428571426
1744923269.9465027,1.6989098571428571
1744923290.5157228,2.0935242857142855
1744923310.6868725,2.2787182142857145
1744923331.531132,2.011192142857143
1744923352.0677865,2.3822940714285714
1744923372.5235226,1.8960639285714287
1744923392.9186094,1.8987430714285713
1744923413.3902905,1.9985357857142856
1744923433.265364,2.145085357142857
1744923454.1713607,1.6907814285714287
1744923474.3426652,2.129211785714286
1744923495.0422444,2.145861
1744923515.487322,2.147945357142857
1744923536.616742,1.8602185714285715
1744923556.816721,1.8610053571428573
1744923577.1383603,2.0368006428571426
1744923597.9211884,1.6450004285714286
1744923618.7760985,1.652158857142857
1744923639.2275815,1.797598214285714
1744923660.2384713,2.0127794285714287
1744923680.7641456,2.3701343571428573
1744923700.9164796,2.146108857142857
1744923721.2174294,1.911376142857143
1744923741.7228873,2.0729311428571426
1744923762.9400628,2.1474209285714285
1744923783.0576873,2.282494785714286
1744923804.5016966,2.0343514285714286
1744923825.438967,2.1480382857142857
1744923846.1753006,2.2266789285714284
1744923866.5567622,1.9281626428571428
1744923887.0541265,1.8200377857142858
1744923907.903946,1.6388735714285716
1744923928.7240002,1.7431827142857144
1744923949.3600397,1.8151732142857142
1744923970.1433456,1.9401587857142857
1744923990.2199254,1.8483087857142857
1744924010.3272226,1.8940359285714286
1744924031.124814,1.7115626428571429
1744924051.2996173,1.6746652142857141
1744924071.5492127,2.161577142857143
1744924092.0050235,2.074439857142857
1744924112.0704315,1.8924717857142856
1744924132.6077707,1.8566241428571428
1744924153.0280466,2.0899290714285716
1744924173.1712992,2.0175220714285715
1744924193.9940314,1.815808857142857
1744924214.374609,2.102729857142857
1744924235.0233536,1.9527625
1744924255.2774074,1.9062243571428572
1744924276.1947088,1.953999357142857
1744924296.3679533,2.064361357142857
1744924316.6208994,2.1297062857142857
1744924337.7356412,1.9132388571428571
1744924358.052904,1.862719357142857
1744924378.4625676,2.410513571428571
1744924399.0834837,1.881835142857143
1744924419.3228824,1.8455625714285715
1744924439.9137578,1.801388
1744924460.823751,1.7473904999999998
1744924481.8316927,2.0760295
1744924502.0669532,1.8596394285714286
1744924522.5849664,2.162733857142857
1744924543.393743,2.0861249285714285
1744924564.0856926,1.8875240714285713
1744924584.16663,1.9202873571428571
1744924604.2587783,2.1188485
1744924624.452175,1.9759457142857144
1744924645.1520915,1.933288
1744924665.6848054,1.940437357142857
1744924685.7872646,2.2261507857142857
1744924706.1189978,1.8232803571428573
1744924726.514076,2.104257714285714
1744924746.873825,1.8512160714285713
1744924767.1266348,1.7108217857142858
1744924788.6439896,1.9748692857142858
1744924808.8600223,2.1250329999999997
1744924829.0550342,1.9728257142857142
1744924849.6935995,2.0463380714285715
1744924870.273214,1.709995
1744924891.241074,2.1698065
1744924911.8834422,1.7728815714285715
1744924932.7477167,1.9159104285714286
1744924953.4914913,2.899723857142857
1744924974.1412086,1.9347754285714287
1744924994.1919954,2.011389642857143
1744925014.267678,1.9252102142857144
1744925034.7212124,1.935092923076923
1744925054.914711,2.093235
1744925075.6001208,1.9820345384615383
1744925095.8273792,1.8568367692307695
1744925115.922412,1.8030263076923077
1744925136.0962498,2.008029923076923
1744925157.0336213,2.151015
1744925177.8675117,2.1778774285714286
1744925199.0275767,1.921116642857143
1744925219.1440344,2.0040737857142856
1744925239.3333242,2.0265494285714287
1744925259.9510264,2.276641214285714
1744925280.671816,2.2457903571428575
1744925301.6677935,2.0579474285714285
1744925322.651937,2.0646935714285712
1744925342.5946844,2.0493066428571427
1744925362.9745536,1.6409939999999998
1744925383.4248614,2.1310613571428574
1744925404.257189,2.115210642857143
1744925424.6793633,1.9527935714285716
1744925445.2537186,1.9968285
1744925465.5122275,2.1170461428571428
1744925485.5506628,2.0305637142857145
1744925505.8526845,1.5892647142857144
1744925526.391778,2.0241690666666665
1744925547.2930117,1.8690510588235294
1744925567.9469626,1.8968365882352942
1744925588.4420414,1.9056529411764704
1744925609.3085768,2.073525470588235
1744925629.7422945,1.9855377647058825
1744925650.3030906,1.7257402352941176
1744925670.6227698,1.978371176470588
1744925691.2999327,1.9227541764705884
1744925711.5593894,1.9553345294117648
1744925731.7785091,2.0461363333333336
1744925752.7511146,2.0942337777777777
1744925773.032817,2.1530551666666664
1744925793.7708206,1.9639673333333332
1744925814.2928905,1.9498259444444446
1744925835.051363,2.2277829444444444
1744925855.1434295,2.131092888888889
1744925875.199362,1.9975662777777776
1744925896.074134,2.027282888888889
1744925916.2642877,1.9415513888888887
1744925936.4491656,1.897087888888889
1744925957.2076948,2.0497360000000002
1744925977.462955,2.0701323333333335
1744926000.9190674,1.7628439444444444
1744926021.109062,1.9399895555555555
1744926041.5006337,2.0165913684210524
1744926061.911771,1.9939276363636365
1744926082.3659396,1.9234269090909093
1744926102.7490666,2.122259818181818
1744926122.8541303,1.9067066363636365
1744926143.245902,2.1834439090909092
1744926163.8445663,2.0907828636363637
1744926183.9914038,1.8633718181818182
1744926204.1914983,2.0251547727272725
1744926224.1059551,2.076361090909091
1744926245.1976051,1.8349253043478262
1744926265.7215962,2.0488355652173915
1744926285.8379433,2.071591782608696
1744926306.4154088,1.9085040434782607
1744926326.6177938,2.0961782173913046
1744926346.97067,2.171396217391304
1744926367.4277372,1.909954695652174
1744926387.6679757,1.795002565217391
1744926408.0357053,2.150135181818182
1744926428.2624438,2.005800409090909
1744926448.6899188,2.067840409090909
1744926469.696787,2.027384727272727
1744926490.028424,2.0079550454545454
1744926510.6789396,1.870327409090909
1744926531.163937,2.048699090909091
1744926551.5029294,2.1448537727272727
1744926572.2603836,1.8993851818181817
1744926592.469281,1.8914928181818182
1744926612.9297082,2.2722063043478262
1744926633.037922,2.0183329999999997
1744926653.632754,1.866832304347826
1744926673.7889588,2.028809695652174
1744926693.9127307,2.0730474782608694
1744926714.0043597,1.930070347826087
1744926734.3886297,2.0869334782608697
1744926754.7676837,1.978978304347826
1744926774.7758837,2.184891652173913
1744926795.2276754,1.901283090909091
1744926816.2023153,2.006645318181818
1744926837.1934414,1.9037712272727274
1744926857.2095332,1.9288137272727275
1744926877.615615,2.06079
1744926897.6950529,2.022528956521739
1744926918.0495155,1.9668727391304348
1744926938.442417,2.084316043478261
1744926958.7416394,2.1322737727272725
1744926979.086254,2.0663287826086956
1744926999.9725912,2.081218739130435
1744927020.5764265,2.0217653043478263
1744927041.2997007,1.7560338695652173
1744927061.4799058,1.938616090909091
1744927081.7143092,2.042809590909091
1744927102.4120517,1.879361590909091
1744927122.8902047,2.1089863043478263
1744927143.2219667,2.1834459130434785
1744927163.8042767,1.8236013478260868
1744927184.4222293,1.9837351304347828
1744927204.7594159,2.1803175217391306
1744927224.837434,2.006650304347826
1744927244.8110588,1.9513258695652176
1744927264.8281884,2.048333695652174
1744927285.3642893,1.8188132272727273
1744927306.0342135,2.1319032727272726
1744927326.8348489,2.246145590909091
1744927347.0910544,1.9677634545454545
1744927367.7461267,2.0484960434782606
1744927387.9028435,2.0407959565217393
1744927408.0562525,1.9843892608695655
1744927428.344957,1.967302695652174
1744927448.546079,2.1965289565217394
1744927470.6461253,2.2021441739130436
1744927490.7860293,1.968540652173913
1744927511.3122706,2.0240266956521737
1744927531.763797,2.091684409090909
1744927552.220107,2.0702283636363634
1744927573.077589,1.961787727272727
1744927593.6447139,2.0496747826086956
1744927613.8272307,2.206293217391304
1744927633.8274977,1.9557164782608696
1744927654.6039968,2.1512851304347826
1744927674.7966392,2.1360801739130433
1744927695.6412883,1.9153555217391303
1744927716.880402,2.0096820434782607
1744927736.977777,1.9299914782608696
1744927757.977878,1.9837208695652173
1744927778.2755418,1.937817409090909
1744927798.527591,1.8911859545454546
1744927819.2070627,1.931081181818182
1744927840.9357767,2.1956000869565218
1744927861.168394,2.105769652173913
1744927881.861844,2.0756069999999998
1744927902.4107425,1.9956850869565217
1744927922.4203455,1.9453278260869564
1744927942.656432,2.1162375217391305
1744927963.3077729,2.1762356521739132
1744927983.514791,1.885748608695652
1744928003.6896448,2.0827968260869567
1744928023.8058648,2.0764846818181817
1744928044.3192484,2.1120848636363636
1744928065.0822053,2.203560681818182
1744928085.690836,2.2505017826086955
1744928106.271803,1.9816021739130434
1744928126.3873997,2.1082740869565217
1744928147.1627464,2.194366043478261
1744928168.3776176,2.0875821739130433
1744928188.6155837,2.0008754347826083
1744928209.338483,1.9322975217391303
1744928229.5981936,2.1854901304347827
1744928249.710507,2.054791739130435
1744928270.0010169,2.039702863636364
1744928290.1531885,1.9887667272727272
1744928310.6056619,2.757257695652174
1744928330.80681,2.001397913043478
1744928351.2105527,1.974574739130435
1744928371.3124456,2.2436238695652175
1744928391.7569613,2.049013956521739
1744928412.4108498,1.9789360434782608
1744928432.5011287,2.1125454782608695
1744928452.9245517,2.078492
1744928475.8385527,2.0140268695652175
1744928496.4928706,2.0807670454545457
1744928517.0251794,1.994059818181818
1744928537.9734912,2.043693272727273
1744928558.9691253,2.1005170869565215
1744928580.5149264,1.982964304347826
1744928600.9878404,2.1432370869565216
1744928621.7680147,2.123496652173913
1744928642.2346025,1.9933976818181818
1744928662.6876574,1.9188175
1744928683.1711507,2.0744042727272727
1744928703.5608404,2.0085424545454544
1744928724.6840668,2.0502881363636365
1744928745.8065517,1.911353681818182
1744928766.1378684,1.9986757272727274
1744928786.9285195,2.011759181818182
1744928808.0519297,2.190799
1744928828.66966,2.1196817727272728
1744928849.7427266,1.9654395454545452
1744928870.9726386,1.9463145454545454
1744928891.4480157,1.8139977272727272
1744928912.2195399,2.0014922727272726
1744928932.6006382,1.9868392173913043
1744928953.0618525,2.1585409130434785
1744928973.6230628,2.1007124347826087
1744928994.0459976,2.191332695652174
1744929014.655284,2.142296043478261
1744929035.1197343,2.0135884347826085
1744929055.4197013,1.8200688695652174
1744929076.3981373,2.1860424347826086
1744929096.683761,2.1616565217391304
1744929116.7973552,2.1093947826086956
1744929136.7358773,2.2151331739130433
1744929157.5536537,2.172566043478261
1744929178.5070364,2.0230109130434784
1744929198.5663097,1.9760411739130437
1744929218.8423095,2.0340678636363636
1744929239.3907516,1.9493067272727274
1744929259.5630913,1.7699673181818183
1744929280.1304686,2.158861608695652
1744929300.20807,1.9721736086956523
1744929321.2914789,2.076377608695652
1744929341.5063,2.199258739130435
1744929361.8534818,1.9358635217391305
1744929382.1214485,1.807262956521739
1744929402.532413,1.826167695652174
1744929423.446848,1.6721669565217392
1744929444.2369108,1.7786463913043478
1744929464.5321605,1.781495090909091
1744929485.3365872,1.8480293181818181
1744929506.0896297,1.7850696818181817
1744929526.0227113,1.901468695652174
1744929545.9946704,1.7649315217391304
1744929567.0654259,1.9212876956521738
1744929587.4071956,1.9123214347826087
1744929607.4564068,1.7804474347826087
1744929628.11739,1.9346175217391306
1744929648.786136,1.7995518260869563
1744929669.7753503,1.8388520454545456
1744929690.326251,1.882442347826087
1744929710.3948069,1.7885411304347827
1744929731.028615,1.974565260869565
1744929751.601616,1.9983669130434785
1744929771.8886635,1.7769617272727274
1744929792.6834671,1.967513318181818
1744929813.0109656,1.9406088181818182
1744929833.50057,1.7943526363636364
1744929853.6599286,1.8085297272727274
1744929874.053586,2.0479437826086957
1744929894.531877,1.7286422173913045
1744929914.8997953,1.7385459130434782
1744929935.7325552,1.7660894347826088
1744929955.7941096,1.7734518260869565
1744929976.8806174,1.7200899130434781
1744929997.2053027,1.8161830869565216
1744930017.2745652,1.9193460000000002
1744930037.428295,1.7994669130434784
1744930057.686894,1.9567071304347825
1744930077.7501311,1.9204348695652171
1744930097.8354328,1.668632956521739
1744930118.0564644,1.8321794782608694
1744930138.2432427,1.7350931304347825
1744930158.4334953,1.7521583043478262
1744930179.021024,1.893155391304348
1744930199.4194582,1.8834038260869566
1744930222.3013022,1.8840585217391304
1744930243.030048,1.8666007826086957
1744930263.8450687,1.7212393478260868
1744930284.3789642,1.6042850000000002
1744930305.892639,1.7470288695652172
1744930326.5104926,1.629894260869565
1744930347.2883134,1.7922540869565216
1744930367.6077638,2.101533909090909
1744930388.7202008,1.763005818181818
1744930409.6277015,1.6680803636363637
1744930430.716635,1.818894590909091
1744930451.8259518,1.8188507727272727
1744930472.446079,1.7195837727272727
1744930492.8817306,1.9170514545454544
1744930513.5104687,1.7307365
1744930534.1889405,1.7127892272727272
1744930555.0552306,1.6980049130434782
1744930576.08499,1.7888286521739132
1744930596.7813358,1.9235831818181817
1744930617.3470287,1.876584090909091
1744930638.1863716,1.7832577727272727
1744930658.7659116,1.6769053636363636
1744930679.2831738,1.816330818181818
1744930699.8941488,1.81091
1744930720.4967155,1.7423387727272726
1744930741.105927,1.6667705
1744930761.4453254,2.0009763636363633
1744930782.018732,1.9132554347826087
1744930802.222499,1.653234739130435
1744930822.8512475,1.8378412608695653
1744930843.6171172,1.838205318181818
1744930863.9409664,1.8348501363636365
1744930884.0366461,1.6648275
1744930904.035429,1.6567869545454543
1744930924.4028342,1.7374732727272728
1744930944.485558,1.7043663478260869
1744930964.5665329,1.8151134347826086
1744930984.8312762,1.7596104347826087
1744931005.2382655,1.9070397391304348
1744931025.4640815,1.8893090454545456
1744931046.2135994,1.7357868181818183
1744931066.9919758,1.786014909090909
1744931087.4181602,1.7647849565217393
1744931107.7394834,1.792818347826087
1744931128.0244017,1.7789563043478263
1744931148.2410393,1.9397549130434781
1744931168.7584064,1.8050109130434782
1744931189.6775322,1.9288101304347827
1744931210.5209072,1.7619180869565216
1744931231.1457179,1.9209984347826086
1744931251.3182447,1.8008051304347825
1744931271.5377712,1.6547627727272727
1744931292.0740223,1.9918110454545455
1744931312.7497818,1.8442469545454545
1744931333.6115313,1.8562227391304347
1744931353.5700657,1.7951822608695651
1744931373.8611245,1.893209434782609
1744931395.2074761,1.8673060869565217
1744931415.3587499,1.9119214347826088
1744931436.790608,1.7351886521739133
1744931457.5811157,1.696643391304348
1744931477.689271,1.948678043478261
1744931498.2083614,1.9780614347826087
1744931518.9871624,1.7399749090909091
1744931539.1425269,1.7619830454545455
1744931559.6056898,1.8260549545454545
1744931579.9235737,1.782596043478261
1744931600.0894792,1.7553608260869566
1744931620.505173,1.9826857391304347
1744931640.8069918,1.6651805652173912
1744931661.0329394,1.8207935652173912
1744931681.6277578,1.819354652173913
1744931702.1062615,1.8108545652173915
1744931722.090668,1.754783260869565
1744931742.933436,1.9978124782608695
1744931763.0736475,1.962477
1744931783.5814288,1.8617287727272727
1744931804.7122438,1.8036221818181817
1744931825.543583,1.760571652173913
1744931846.024287,1.886727304347826
1744931866.6511998,1.8430052173913043
1744931887.1633089,1.8035792608695653
1744931907.895737,1.8290717826086957
1744931927.866464,1.9273721304347828
1744931948.3789926,1.9645843043478262
1744931968.4902346,1.7087847391304347
1744931988.8857243,1.8822967727272726
1744932008.9485946,1.8459418636363636
1744932029.762184,1.7352417727272729
1744932050.2990456,1.7461750869565218
1744932070.4929526,1.7634282173913045
1744932090.7283065,1.8294189565217391
1744932111.0332565,1.8141324736842104
1744932131.2511036,1.941432052631579
1744932151.3926008,1.8814256470588235
1744932171.8579752,2.2039988
1744932192.495873,2.0751100666666664
1744932212.879996,1.9895689230769231
1744932233.4784842,1.6828931666666664
1744932254.1847923,1.9584528333333333
1744932274.9660516,1.8348698333333333
1744932295.3049839,1.8683556666666667
1744932315.533759,1.7073415
1744932335.8296664,1.9339293333333334
1744932355.9396367,1.85104325
1744932377.0303886,1.7007234999999998
1744932397.4933946,2.408337153846154
1744932417.9453187,2.0080436923076923
1744932438.191554,1.7813126923076923
1744932458.3033762,1.9816973076923077
1744932479.0231678,2.102856846153846
1744932499.1221704,2.043339230769231
1744932519.3171606,1.8298419166666668
1744932539.8754761,2.0234410833333336
1744932560.4596565,1.9360724545454546
1744932580.5444794,1.7968629
1744932600.9947896,1.6808854
1744932621.6071734,1.5725530909090908
1744932641.942548,1.7701895454545455
1744932661.9685314,2.0852662727272726
1744932682.9734278,1.69146
1744932703.0244234,1.6667217272727273
1744932723.1914122,2.2548499090909093
1744932743.7041898,1.9221224545454547
1744932763.7277343,2.0357723636363634
1744932783.9039109,1.691783909090909
1744932804.6211061,1.5659374
1744932825.455598,1.6190293
1744932846.4309642,1.7940151999999998
1744932867.0356214,2.0029724
1744932887.6649652,2.1327331000000003
1744932908.0031266,2.089524
1744932928.9914765,1.9852358000000003
1744932949.0645535,1.8553023
1744932969.61443,1.8865129
1744932990.260574,2.0978532000000003
1744933011.4214628,2.04597375
1744933032.0136604,1.726508625
1744933052.596253,1.7427718571428572
1744933073.1289065,1.886236857142857
1744933093.1383412,1.722498875
1744933114.1237733,2.113939857142857
1744939064.3763275,1.6471902173913042
1744939084.5948136,1.9145070000000002
1744939104.6816416,1.806927
1744939125.0551052,1.7248995454545453
1744939145.3291934,1.8117227142857142
1744939166.1356297,1.705666476190476
1744939186.5783784,1.7486107272727274
1744939206.979517,1.930968818181818
1744939227.6574328,2.133979681818182
1744939247.933546,1.6559130454545454
1744939267.9902463,1.8572737272727273
1744939288.328453,1.931893590909091
1744939308.3235445,1.812312380952381
1744939328.9197416,1.6751854285714285
1744939349.0360043,1.7642618095238096
1744939369.1368716,1.7753381000000001
1744939389.3015664,3.7946491
1744939409.44173,1.735819
1744939429.6943154,1.7777378095238097
1744939450.2089412,1.776560095238095
1744939470.5307422,1.8055221428571429
1744939490.742842,1.8003481428571428
1744939511.179425,1.9225252857142856
1744939531.5009396,1.7980424761904763
1744939551.631331,1.780535523809524
1744939571.7331889,1.8729911428571429
1744939592.5003164,1.8388542857142858
1744939613.405376,1.9199548
1744939634.5868206,1.9038872999999998
1744939655.5504532,1.73420115
1744939675.987724,1.891730285714286
1744939696.4781163,1.6527200454545456
1744939717.0802376,1.9907811363636363
1744939737.5588303,2.0216239999999996
1744939758.0555634,1.8097861363636363
1744939777.9889798,1.7080965909090908
1744939798.3490531,1.7536405454545454
1744939818.535748,1.8117769545454545
1744939838.6849194,1.8635856666666666
1744939859.08372,1.7976849523809524
1744939879.552833,1.683209904761905
1744939899.579022,1.7826247619047617
1744939919.9971871,1.7632738636363638
1744939940.4678712,1.7792312727272728
1744939960.4913967,1.8766207272727273
1744939980.8976593,1.9521801818181819
1744940001.5623944,1.701615909090909
1744940021.8498726,1.8347698181818182
1744940042.5536053,1.771291
1744940062.59391,1.7869952272727274
1744940082.7011049,1.915247523809524
1744940102.9631333,1.7675201904761906
1744940123.2386599,1.681789
1744940144.0301185,1.912369227272727
1744940164.2073262,1.7472921818181817
1744940184.845579,1.8037383636363635
1744940204.9953954,1.7704085454545455
1744940225.427079,1.8060470454545454
1744940245.9274402,1.8825182727272727
1744940266.336729,1.9047042272727273
1744940286.6511154,1.9132426363636363
1744940307.2420366,1.7537206363636364
1744940327.4147403,1.6768484285714285
1744940348.1873865,1.886236619047619
1744940368.7815628,1.8369459523809524
1744940389.4878435,1.857428318181818
1744940409.8167796,1.685936409090909
1744940430.298072,1.7585929545454546
1744940450.2982175,1.892115227272727
1744940470.437653,1.83099
1744940490.8611987,1.8348842173913043
1744940511.7011821,1.9424763043478261
1744940532.5805285,1.7502040869565219
1744940553.3126009,1.7450105217391303
1744940574.4165196,1.576554909090909
1744940595.7829988,1.8248483636363637
1744940616.5186515,1.8119484347826087
1744940637.3224022,1.932822304347826
1744940658.1193264,1.7538342608695654
1744940679.1995356,1.9136907826086955
1744940700.259649,1.797098739130435
1744940721.352027,1.818998
1744940741.73802,1.7420084782608696
1744940762.1984434,1.9510491739130433
1744940782.664813,2.082084347826087
1744940803.166671,1.6133033181818184
1744940823.7497666,1.7723679545454545
1744940844.3286984,2.013144
1744940866.3189185,2.065705695652174
1744940886.6970963,1.9106448260869566
1744940907.4961212,1.8675532173913043
1744940927.8780231,1.7569138260869566
1744940948.662242,1.8073891739130437
1744940968.993585,1.934807608695652
1744940989.5989006,1.8020583043478262
1744941010.2604625,1.7221814782608695
1744941030.913786,1.7823385
1744941050.9305525,1.9260991818181816
1744941071.2369165,1.623516181818182
1744941091.7973058,1.8906215454545454
1744941111.805358,1.8026067826086956
1744941132.2630591,1.774506956521739
1744941152.5988083,1.879807652173913
1744941172.9423475,1.851818608695652
1744941193.1512325,1.7470616086956523
1744941213.5975544,1.9286579565217392
1744941233.8806899,1.859042608695652
1744941254.230586,1.7174668260869566
1744941274.830352,2.0222287391304348
1744941294.812284,1.8787104545454545
1744941315.4285727,1.7248669545454547
1744941335.6996973,1.7727867727272726
1744941356.0184007,1.973414
1744941376.6894367,1.7945069999999999
1744941396.8135328,1.8730817391304349
1744941417.3850513,1.903304739130435
1744941438.0075278,1.8264994782608694
1744941458.9793985,1.8268052173913043
1744941479.3242574,1.6743239130434784
1744941499.4116755,1.9226211739130434
1744941519.6711,1.8802110909090908
1744941539.907253,1.841059652173913
1744941559.8761368,1.9703734782608695
1744941580.165397,1.6880375217391304
1744941600.733591,1.868871909090909
1744941620.9045122,1.8935613636363635
1744941641.4051652,1.855594818181818
1744941661.9454365,1.9577330000000002
1744941682.5473177,1.9681166363636364
1744941703.6218216,1.970809695652174
1744941723.856051,1.8672431304347827
1744941744.176859,3.077725727272727
1744941764.9112062,3.3142197272727274
1744941785.1617262,1.8697317391304349
1744941805.4202387,1.7609457391304348
1744941825.3558373,1.886486652173913
1744941845.5379293,1.7475917391304348
1744941865.5383809,1.9822007272727271
1744941885.7204237,1.8323952173913045
1744941905.9953964,1.7902224545454546
1744941926.0928657,1.8435893181818181
1744941946.4534736,1.636404090909091
1744941966.4816513,1.8700156363636362
1744941986.7444642,1.8069229999999998
1744942006.713211,1.7330387727272727
1744942027.244728,1.9310108636363637
1744942047.7558243,1.9694968181818182
1744942068.788952,1.7557562727272726
1744942088.9489748,1.8051358636363637
1744942109.3053257,1.803782090909091
1744942129.8038714,1.8619116363636363
1744942150.0225463,1.8770772272727272
1744942170.0890906,1.9440865
1744942194.544931,1.7015247272727272
1744942214.5999222,1.6631031818181818
1744942235.0384521,1.8531305454545455
1744942255.7810647,1.8775672272727275
1744942276.6035109,1.7434448636363635
1744942296.6114414,1.851015090909091
1744942316.6857421,1.7575129545454544
1744942337.040575,2.0122709090909088
1744942357.1995118,1.8770870000000002
1744942377.668976,1.6534155
1744942398.436616,1.7453600454545453
1744942419.0085306,1.6662819999999998
1744942439.6993935,1.7596218636363636
1744942459.7932668,1.8348555909090907
1744942480.0119107,1.7952463636363634
1744942500.072954,1.6588725000000002
1744942520.7116535,1.9445312727272728
1744942540.8700836,1.8246307272727273
1744942561.0637598,1.9191574090909091
1744942581.2406387,1.7786195909090912
1744942601.5899844,1.7975281818181819
1744942622.0732224,1.8347797727272728
1744942642.3426144,1.8130847727272725
1744942662.7766578,1.6719467727272728
1744942683.3497727,1.661594590909091
1744942703.8421364,2.0376272272727274
1744942724.192199,1.7950168636363635
1744942744.4086401,1.8271255909090909
1744942764.9911277,1.7341928181818183
1744942784.9859805,1.9563406818181817
1744942805.7160919,1.8280289090909092
1744942826.393096,1.7883174090909089
1744942846.7864506,1.9351961363636363
1744942867.1868281,1.798494909090909
1744942888.0613365,1.938583818181818
1744942908.1343763,1.9485120476190478
1744942928.5034873,1.9178659
1744942949.1129549,1.6735329499999998
1744942969.3704607,2.035926133333333
1744942989.6984797,1.9263896666666667
1744943009.686472,1.51014275
1744943029.9224777,2.2138925833333336
1744943050.006135,2.0808519999999997
1744943070.444383,1.8942708333333333
1744943091.0592644,2.2619066666666665
1744943111.4879909,2.0291561666666666
1744943131.8237276,1.4198705
1744943152.1216176,2.0482728333333333
1744943172.4921236,2.01045475
1744943192.865147,1.5532025833333334
1744943212.9749713,2.019279
1744943233.4647813,1.9931418333333333
1744943253.5902054,1.4509083333333332
1744943273.6850576,2.1087991666666666
1744943293.6965466,1.8209781666666667
1744943313.8012345,1.7927514999999998
1744943333.9134386,1.9576396666666664
1744943354.2384198,1.66249925
1744943374.2642415,2.07650075
1744943395.0885146,1.9421293846153846
1744943415.4394822,1.6340866923076924
1744943435.9827888,1.976075
1744943456.4364972,2.277825
1744943477.361498,2.008650153846154
1744943498.0308108,1.6871838461538462
1744943519.5634363,1.527507
1744943540.8584058,1.7132666923076922
1744943561.9038405,1.7770771666666667
1744943582.6446064,1.89346925
1744943604.0539188,2.229523
1744943624.9780242,2.191036846153846
1744943645.9781208,2.0199724615384613
1744943666.9784687,2.1799461538461538
1744943687.588057,2.0778667692307695
1744943708.8113937,1.7884027
1744943730.0851269,1.8314312999999998
1744943750.5926244,1.6046532
1744943770.875166,1.972693
1744943791.7630868,2.1585789
1744943812.4203606,2.0759578888888885
1744943832.8561902,1.850580888888889
1744943853.7934117,1.772821875
1744943874.4188454,2.2627165555555555
1744943894.7136607,2.2770304444444442
1744943915.085494,1.853225375
1744943935.9733984,2.261596125
1744943956.5883536,2.157931125
1744943977.1622097,2.03057275
1744943997.606606,1.97009075
1744944018.9547927,1.594573875
1744944039.737325,1.7710935
1744944059.7754269,1.8783048571428573
1744944080.1831648,2.020560142857143
1744944100.8122623,1.8017328571428572
1744944121.174496,1.9619335
1744944141.037551,2.0259065
1744944161.5451436,1.8488366250000001
1744944181.5379581,2.2184615
1744944201.8406522,1.899390625
1744944222.6048045,1.5120114999999998
1744944243.4367278,2.5355280000000002
1744944263.8531885,2.5568364
1744944284.1380534,2.3304206666666665
1744944304.3155851,1.042007
1744944324.491082,2.6979365
1744944344.7931497,1.7829994999999998
1744944364.780932,2.217192333333333
1744944384.8859928,2.3204966666666667
1744944405.851735,1.9470526666666668
1744944426.426969,2.6000473333333334
1744944446.4207263,2.7715899999999998
1744944466.5454285,1.7923923333333331
1744944486.5630236,1.6353236666666666
1744944507.3905632,2.6067633333333333
1744944527.6963584,2.083492
1744944548.0223634,1.4385425
1744944568.5237567,2.5217970000000003
1744944589.1507025,2.5776343333333336
1744944609.4009624,1.9143186666666667
1744944629.5904524,2.7626383333333333
1744944649.8843935,2.0752816666666667
1744944671.130027,1.3596963333333332
1744944691.432074,0.9869493333333333
1744944711.3422348,3.1398646666666665
1744944731.640754,3.7821493333333334
1744944752.1814294,1.9430716666666665
1744944772.442279,2.6996830000000003
1744944792.6582127,1.651702
1744944812.913325,0.8112010000000001
1744944833.346376,2.5096445000000003
1744944853.8674564,1.7916855
1744944874.61443,1.5992075
1744944894.9201183,1.894744
1744944914.93054,2.21531975
1744944935.1625612,1.226932
1744944955.3996575,2.62921075
1744944975.8025496,1.95993025
1744944996.0505273,1.554032
1744945016.9540167,2.42799875
1744945037.367147,2.14399775
1744945057.7798545,1.5502485
1744945077.7681537,1.29430125
1744945097.907459,2.2878065
1744945119.0152256,2.29171525
1744945139.393882,2.19615975
1744945159.8405545,1.83244475
1744945180.4242759,2.091061
1744945200.8526213,2.58917425
1744945221.4983382,2.1285205
1744945241.8641539,1.5848905
1744945262.34912,1.375591
1744945282.7534525,2.6051865000000003
1744945303.4870167,2.277596
1744945323.7316217,2.0182599999999997
1744945344.5302005,2.1658605
1744945364.7921531,1.7218974999999999
1744945385.3290908,1.490062
1744945405.4106512,1.4859955
1744945425.4475794,2.066091
1744945445.97678,1.330666
1744945466.2217314,1.173197
1744945486.4372175,2.6269845
1744945506.8038354,1.716226
1744945527.1338487,1.4075069999999998
1744945547.3213143,1.256002
1744945567.4476132,1.962056
1744945587.5156152,2.109342
1744945608.0087616,1.7656825
1744945628.451625,1.707205
1744945648.7591763,2.572796
1744945668.9460113,1.9870385000000002
1744945689.3227844,1.0605335
1744945710.6052964,1.6997795
1744945730.6674373,1.9052945000000001
1744945751.3624094,2.3086555
1744945771.7082675,1.6666664999999998
1744945792.6557891,2.042647
1744945812.9978783,2.3789905
1744945833.1358016,1.6793095
1744945853.460248,3.1705905
1744945874.1499958,2.7044565
1744945894.1558242,3.1825455
1744945914.5815978,3.2599780000000003
1744945935.5333679,2.7589215
1744945955.633931,2.3414895
1744945976.3879218,2.4215575
1744945996.5642097,3.3310044999999997
1744946016.6764913,2.4184595
1744946037.1260786,2.4871055
1744946057.3359854,3.0800755
1744946077.990844,2.2054254999999996
1744946098.461782,2.8649544999999996
1744946118.6922755,2.068435
1744946138.628551,2.614738
1744946159.077093,2.5926405
1744946179.463499,3.1171145
1744946199.4841459,2.4377285
1744946220.0008643,2.445582
1744946240.93156,3.078999
1744946261.4637723,2.9053934999999997
1744946281.5013022,2.1250675
1744946302.015674,2.2581914999999997
1744946322.224526,3.035127
1744946342.3813546,3.2895060000000003
1744946362.4715214,3.1801173333333335
1744946382.7655766,2.1674101666666665
1744946402.9694843,8.7905016
1744946423.360119,2.7319742000000002
1744946443.3602743,2.7761978571428574
1744946463.3512478,2.418245928571429
1744946483.9553752,2.6161723571428572
1744946504.6119583,2.375534357142857
1744946524.9155726,2.279165857142857
1744946545.1622777,2.2196283571428572
1744946565.779587,2.5197115714285716
1744946586.307339,2.2775475
1744946606.9840457,2.430654071428571
1744946627.7961867,2.591640357142857
1744946648.8089604,2.6241266428571426
1744946669.1996477,2.5370403571428572
1744946689.4939451,2.1441552857142856
1744946710.1478188,2.2772614285714288
1744946730.568428,2.443002
1744946750.9853132,2.307566
1744946771.5434651,2.3394987142857144
1744946792.9488144,2.3215405000000002
1744946813.2521892,2.450571714285714
1744946833.9784448,2.393112785714286
1744946853.9587173,2.1871275
1744946874.304485,2.546291357142857
1744946894.5940523,2.397801642857143
1744946914.8871658,2.2313959285714287
1744946935.4567378,2.144887928571429
1744946955.553475,2.5322159285714285
1744946975.6747303,2.2780857142857145
1744946995.742085,2.5737785
1744947015.9662907,2.4126108571428575
1744947036.3057392,2.178455357142857
1744947057.057266,2.5322172857142857
1744947077.1468265,2.5029399285714287
1744947097.418322,2.3758504285714284
1744947118.4732237,2.5259331428571428
1744947139.356316,2.671195846153846
1744947160.4750023,2.438265
1744947180.6896365,2.2214462000000004
1744947201.1093411,2.339983466666667
1744947221.124913,2.5629881333333335
1744947241.4616492,2.231077
1744947261.3355713,2.3271829411764706
1744947281.5340834,2.2449893529411766
1744947301.7608454,2.4514218823529412
1744947322.427024,2.6195336470588235
1744947343.0435407,2.3369740625
1744947363.7924957,2.34171575
1744947383.8191411,2.4949793749999998
1744947404.2659976,2.4821121875
1744947424.7997665,2.3138929999999998
1744947445.1801782,2.41682625
1744947465.164178,2.3655778125
1744947485.1593611,2.4297875
1744947505.3941967,2.5327679375
1744947525.4085054,2.1970576875
1744947545.5413313,2.508748875
1744947565.5680017,2.3945926875
1744947585.922651,2.3948633125
1744947606.4270458,2.4246931875
1744947626.7327304,2.43610375
1744947647.1586468,2.4478745294117648
1744947667.083057,2.661831789473684
1744947687.22864,2.4920054
1744947707.678251,2.3821887727272726
1744947728.5903673,2.4734036818181817
1744947748.5622807,2.406555090909091
1744947769.1219525,2.5598517727272725
1744947789.4393198,2.0731058181818183
1744947809.9602125,2.4523990869565218
1744947830.487498,2.514822863636364
1744947850.7758694,2.174992090909091
1744947871.467603,2.3926774782608695
1744947892.106426,2.491839260869565
1744947912.314476,2.372279695652174
1744947932.72283,2.2362009565217393
1744947952.736363,2.3459080869565216
1744947973.1654122,2.2988466086956523
1744947993.6055765,2.270342304347826
1744948014.2747123,2.4001702173913047
1744948034.4781194,2.374288086956522
1744948054.7905104,2.235610227272727
1744948074.802552,2.3280017272727274
1744948095.243401,2.3186777272727275
1744948115.5177722,2.2033675454545456
1744948136.0225952,2.1981605909090907
1744948156.245152,2.2091286818181817
1744948177.293156,2.1891320000000003
1744948198.1825624,2.3934687727272728
1744948218.3140824,2.2471405454545454
1744948238.7039838,2.2050437727272727
1744948259.0559309,2.195406045454545
1744948279.3965783,2.5851046363636363
1744948299.7315457,2.3815379545454545
1744948319.980465,2.1656056363636362
1744948340.1190329,2.3485733636363637
1744948360.2027075,2.3906490000000002
1744948380.2448676,2.3165105
1744948400.7201154,2.5238474545454546
1744948421.025162,2.3075203181818185
1744948441.410848,2.4120805
1744948462.8541002,2.448589045454545
1744948483.4111114,2.5415787272727273
1744948503.6893718,2.244813909090909
1744948524.3684828,2.2521316363636363
1744948544.5978334,2.383050227272727
1744948565.115091,2.429342181818182
1744948585.5865495,2.4505227272727272
1744948606.115387,2.4587516363636364
1744948626.123515,2.286088909090909
1744948646.309205,2.3873984090909093
1744948666.4430203,2.328812590909091
1744948686.738723,2.2354489545454546
1744948707.6675508,2.4651275
1744948727.9439135,2.334238181818182
1744948748.1398206,2.5590524090909095
1744948768.4945874,2.290124272727273
1744948788.6885386,2.271741090909091
1744948809.4938126,2.456826590909091
1744948829.7609804,2.424566409090909
1744948850.335111,2.2613992272727272
1744948871.0539184,2.4150406363636363
1744948892.1675816,2.4499683181818184
1744948912.2737405,2.3052721304347825
1744948932.4585133,2.4363526086956524
1744948952.9166002,2.3200164347826084
1744948974.2268398,2.3171454782608696
1744948994.5964603,2.297406478260869
1744949014.8861969,2.3097955217391304
1744949034.9535325,3.4155952173913042
1744949055.4286377,2.6179608695652172
1744949075.5733924,2.323521304347826
1744949096.19147,2.507004391304348
1744949117.1637685,2.484961391304348
1744949137.3913665,2.395166260869565
1744949157.539391,2.237614391304348
1744949177.9845052,2.5158087826086954
1744949198.1877608,2.4309959565217394
1744949218.4555733,2.392987608695652
1744949239.1304202,2.4950236521739133
1744949259.3828518,2.5005334347826085
1744949279.9916058,2.204552
1744949299.965916,2.3525044347826087
1744949320.4794383,2.476072652173913
1744949341.0176961,2.3208650434782605
1744949361.3840723,2.0213199523809524
1744949381.5172324,2.2887728095238096
1744949401.4630213,2.2630028571428573
1744949421.844711,2.440527909090909
1744949442.98699,2.3853981363636363
1744949462.9863477,2.2862863636363637
1744949483.366732,2.3218055
1744949504.1095352,2.327881681818182
1744949524.2244039,2.455470181818182
1744949544.567366,2.157618318181818
1744949564.9979343,2.430807727272727
1744949585.1224291,2.4544935454545453
1744949605.8024676,2.2034637727272726
1744949626.1713986,2.3815543636363636
1744949646.7366805,2.4052974545454546
1744949667.348974,2.420627590909091
1744949688.1462896,2.1465977727272727
1744949708.738295,2.370648090909091
1744949729.2335176,2.432543409090909
1744949749.631792,2.3750381363636364
1744949769.9480388,2.235354619047619
1744949790.7847693,2.2193349047619044
1744949810.9131138,2.332775380952381
1744949831.590737,2.298708772727273
1744949851.7641559,2.250467909090909
1744949871.9552467,2.4454426363636363
1744949892.4575837,2.1005294545454545
1744949913.1816664,2.1944640454545454
1744949933.976843,2.437399590909091
1744949954.6320753,2.3888783181818183
1744949975.687072,2.344230863636364
1744949995.9121647,2.1516195
1744950016.4350893,2.3970200952380956
1744950037.502518,2.3370702857142858
1744950057.7435684,2.3508406190476188
1744950078.3994703,2.3146723636363635
1744950098.9580903,2.361322318181818
1744950119.9529455,2.3427134545454544
1744950140.3633003,2.4745430454545456
1744950160.6130068,2.252773090909091
1744950180.9055316,2.5725684545454546
1744950200.9627502,2.3789332727272727
1744950221.386603,2.3258739545454543
1744950241.712216,2.3999492272727276
1744950262.497843,2.535080523809524
1744950282.5314157,2.39702735
1744950303.51179,2.400115285714286
1744950324.0571556,2.3716712857142856
1744950344.2055354,2.4918197142857146
1744950364.7547748,2.2525271428571427
1744950385.1460102,2.3651530952380955
1744950405.8204856,2.2987419523809525
1744950426.8441312,2.4246454285714285
1744950447.3302774,2.30985
1744950467.8553822,2.395773904761905
1744950488.4866185,2.3584090499999997
1744950508.767651,2.3475426500000003
1744950528.7982361,2.2986405000000003
1744950548.773759,2.4944341904761904
1744950569.4789715,2.41094
1744950589.8624473,2.152203476190476
1744950610.061443,2.4283675714285713
1744950630.056533,2.441892142857143
1744950650.4255378,2.3716894285714285
1744950671.5899835,2.3568690952380953
1744950691.8017175,2.4236011428571427
1744950712.3719456,2.13510395
1744950732.6464856,2.2374342
1744950753.043802,2.23420675
1744950774.0040233,2.4743946666666665
1744950794.247322,2.2190075714285715
1744950814.305286,2.2424485714285716
1744950834.377893,2.455160333333333
1744950854.7432218,2.243882238095238
1744950875.6468682,2.2089001904761907
1744950895.708118,2.5035536666666665
1744950916.1250994,2.2061732857142857
1744950936.1605628,2.3578201904761906
1744950956.9312634,2.3810546500000003
1744950977.429379,2.2462687
1744950997.828941,2.1394164
1744951018.3270242,2.2422947619047617
1744951038.387406,2.369145142857143
1744951058.4913878,2.2283042380952383
1744951078.9927535,2.3314541904761903
1744951099.7324178,2.2580849523809525
1744951119.7171264,2.5189215714285718
1744951140.316658,2.3078455238095237
1744951160.7976658,2.4501552857142856
1744951181.6592076,2.092976476190476
1744951202.4552417,2.17641825
1744951223.271271,2.34088885
1744951244.2890282,2.434129238095238
1744951264.9763849,2.4944307
1744951285.566846,2.3725679047619046
1744951306.7782748,2.093836142857143
1744951327.257794,2.268618863636364
1744951347.8348901,2.3297208636363638
1744951368.3984761,2.322709318181818
1744951388.7417152,2.3303499999999997
1744951409.1203568,2.379397
1744951429.5804546,2.5079015454545455
1744951450.531696,2.431744909090909
1744951471.3651092,2.2422263181818183
1744951491.75306,2.1265383181818183
1744951512.208744,2.231136727272727
1744951532.9554627,2.441711181818182
1744951554.4096563,2.230832318181818
1744951575.0553174,2.4918019545454544
1744951595.4167926,2.313715318181818
1744951616.1388772,2.4497642272727274
1744951637.0262837,2.472172090909091
1744951657.3041239,2.275305043478261
1744951677.351741,2.110505913043478
1744951697.5322647,2.434710913043478
1744951718.0351238,2.341796347826087
1744951738.157994,2.460251
1744951758.154205,2.2835194347826087
1744951778.6832101,2.3689906086956523
1744951799.4824898,2.5253808260869564
1744951821.2986283,2.602797
1744951843.2525408,2.229077636363636
1744951864.9669101,2.2288191304347826
1744951886.4181507,2.2374944782608694
1744951907.7177782,2.386008956521739
1744951929.1430924,2.3394848695652173
1744951949.6316571,2.2698094347826085
1744951969.9662945,2.4040858260869564
1744951991.1896021,2.3974969130434785
1744952011.569934,2.452258956521739
1744952032.4120593,2.3766249999999998
1744952053.7052264,2.3747795454545457
1744952074.3204238,2.2168891363636365
1744952094.769424,2.223602545454545
1744952115.203834,2.493277652173913
1744952136.6387117,2.357913043478261
1744952157.774817,2.3599015652173914
1744952178.1881492,2.34550752173913
1744952199.2157636,2.4051774347826087
1744952219.6195076,2.4842237391304347
1744952240.6611466,2.456689086956522
1744952261.696241,2.458518434782609
1744952282.92213,2.448380227272727
1744952303.5654218,2.3207727727272727
1744952324.2986088,2.168099136363636
1744952345.2428453,2.2799022173913044
1744952366.2839804,2.3117697272727273
1744952387.5442154,2.4413037272727274
1744952408.1020508,2.3506638181818182
1744952428.3038957,2.336005181818182
1744952449.2857454,2.1942476363636363
1744952469.6836114,2.3684416363636362
1744952490.0479872,2.279657681818182
1744952510.7786129,2.4414418636363635
1744952530.9187524,2.4125398095238095
1744952551.899913,2.4383883333333336
1744952572.5973923,2.5240132380952383
1744952593.2448835,2.4687460454545453
1744952613.2370677,2.2929216818181817
1744952633.8655436,2.4274524090909093
1744952654.3049607,2.274537272727273
1744952674.4805844,2.238579772727273
1744952695.075903,2.3680663636363635
1744952716.0957403,2.4044052727272724
1744952736.4178832,2.263765090909091
1744952756.8905256,2.2174057272727272
1744952777.4675176,2.4338295238095236
1744952797.4730725,2.376072380952381
1744952818.301526,2.209896380952381
1744952838.5517452,2.2002851304347826
1744952858.8322914,2.5334852173913043
1744952879.2287047,2.350809
1744952899.3119106,2.342921869565217
1744952919.5911047,2.3345970869565216
1744952939.8946579,2.3876050869565217
1744952960.4544868,2.3580313913043476
1744952980.774582,2.5535186363636364
1744953001.216399,2.3678097727272727
1744953022.0391796,2.1796303913043475
1744953042.0131986,2.4731149565217394
1744953062.4138436,2.2731264782608696
1744953082.8260396,2.4448402727272724
1744953103.1628213,2.3962121363636366
1744953123.346804,2.398538318181818
1744953143.9524007,2.460959818181818
1744953164.9480171,2.471701909090909
1744953185.0941412,2.4563078636363636
1744953205.5482655,2.363903636363636
1744953226.471926,2.2333261818181818
1744953246.7078593,2.393078772727273
1744953267.0379503,2.2925116086956523
1744953287.3567998,2.328011652173913
1744953307.472548,2.4692628636363634
1744953327.5627403,2.4913035000000003
1744953348.246706,2.4111937727272728
1744953368.7293608,3.4690463636363633
1744953388.9881718,2.4078392272727274
1744953408.8975422,2.424157909090909
1744953429.7361052,2.573860409090909
1744953450.5468154,2.5057562727272726
1744953470.9541495,2.319787818181818
1744953491.9883227,2.312279227272727
1744953512.9322772,2.2730657727272727
1744953533.2606418,2.4334507272727275
1744953553.898514,2.5140754545454547
1744953574.4206622,2.3851755454545454
1744953594.399067,2.376935272727273
1744953614.9751744,2.534915727272727
1744953635.2085097,2.296358727272727
1744953655.7580273,2.5138606363636367
1744953676.1728644,2.608606181818182
1744953696.4427896,2.7248491363636362
1744953716.5963728,2.9360005238095237
1744953736.6188362,3.3066953157894736
1744953757.0068831,3.0262744705882354
1744953777.0373044,3.3161712
1744953797.3275273,3.625428266666667
1744953818.686959,2.276952923076923
1744953839.0728886,2.5677336923076926
1744953859.416686,2.807448615384615
1744953879.546745,2.3031854166666665
1744953900.4277034,2.3801082499999997
1744953921.168363,2.635512916666667
1744953941.9610844,2.8221804615384616
1744953962.0512128,2.834792076923077
1744953982.3089223,2.493928384615385
1744954002.9249191,2.5049903846153847
1744954023.5550625,2.5188365384615383
1744954044.4719636,2.281806076923077
1744954065.6054409,2.5754819230769233
1744954085.9854453,2.265043
1744954106.6724188,2.7956401538461537
1744954126.5873687,2.902466230769231
1744954146.7386565,2.2750103846153844
1744954167.3831987,2.577262615384615
1744954188.0366156,2.763697076923077
1744954208.0729795,2.51878775
1744954228.1945248,2.65899075
1744954249.0491276,2.4031907692307692
1744954269.6070588,2.7153753076923075
1744954290.5540822,2.9430453076923078
1744954310.9522636,2.7582491538461538
1744954331.745758,2.698394692307692
1744954351.8359818,2.4938631538461538
1744954372.2884636,2.7060726923076923
1744954392.5959165,2.5333984615384613
1744954413.411249,2.5057316153846156
1744954434.9221363,2.6244191666666667
1744954455.6534975,2.535060083333333
1744954476.3078823,2.4397746666666666
1744954496.720385,2.943226
1744954516.8345203,2.8383671999999995
1744954538.1460965,2.4501314
1744954559.0844994,2.2355422000000003
1744954579.8004549,2.9226663
1744954600.8062441,3.3592596
1744954621.1974428,2.463602
1744954641.8941922,2.5844817
1744954662.684132,2.6904395
1744954683.3198962,2.7714896666666666
1744954704.0521123,2.610913625
1744954724.93722,2.6156405
1744954745.8918529,2.3810973333333334
1744954766.1109736,2.5720187777777777
1744954786.6655993,2.64004
1744954806.932942,3.0998535555555558
1744954827.667974,2.6453936666666666
1744954848.5254316,2.2375423333333333
1744954869.6016998,2.824463777777778
1744954890.7119431,2.563505111111111
1744954911.9206824,3.367517111111111
1744954932.5384152,2.792727125
1744954953.0846813,3.023934875
1744954974.0531151,3.156508
1744954994.2045188,3.7969645555555553
1744955014.7283425,6.7035455
1744955035.6009035,5.318643400000001
1744955056.0513651,9.4568042
1744955075.9944024,5.2653096
1744955096.8122108,5.2801265
1744955116.9849255,5.4870355
1744955138.0397518,5.3734345
1744955158.9092085,5.7188675
1744955179.515951,6.0299309999999995
1744955200.019118,3.142531333333333
1744955220.4703228,2.5409465
1744955241.007998,4.1343000000000005
1744955261.460689,3.7338246666666666
1744955282.4825761,3.5511390000000005
1744955303.2885132,3.273709
1744955323.9070623,2.7164513333333336
1744955344.4775493,5.597935
1744955364.9378588,4.992712
1744955385.1040769,4.67439375
1744955405.9401143,5.94715775
1744955427.0161164,5.699466
1744955447.2226298,5.55412425
1744955467.7748747,5.0421525
1744955488.021981,4.27052125
1744955508.9008174,5.01349025
1744955529.5291348,3.4064313333333334
1744955550.0206778,3.4551986666666665
1744955570.0216508,2.526478
1744955590.618057,5.1233525
1744955611.2282925,4.947718999999999
1744955631.2725775,4.301653
1744955651.5073602,5.5986952500000005
1744955672.1006346,5.09285575
1744955692.4874766,3.89143625
1744955713.2596002,5.382183
1744955733.8071306,5.54611925
1744955754.34071,5.345394
1744955775.3267608,2.824927333333333
1744955795.7213347,3.417025333333333
1744955816.891389,3.786979666666667
1744955837.5493877,5.16089775
1744955857.8741655,5.0768
1744955878.821457,3.6478129999999998
1744955899.4273565,4.6370245
1744955920.5164928,5.705629
1744955941.4595852,5.5150765
1744955961.9788203,5.791008
1744955983.0515623,5.07161275
1744956003.5603974,2.8023623333333334
1744956024.1739264,5.61623975
1744956044.4811733,5.0575425
1744956064.3990753,4.65085225
1744956084.7668474,5.69140825
1744956104.9766662,5.44297525
1744956125.3673315,4.48032625
1744956145.8224647,5.31049575
1744956166.3350856,5.25041725
1744956186.6971617,5.0539465
1744956207.1546557,5.7254575
1744956227.8910644,5.037751
1744956248.356665,5.01052375
1744956269.3738227,5.0346995
1744956289.8681407,1.8285333333333333
1744956310.2635124,7.844311
1744956331.8087885,4.224815666666667
1744956352.6455815,3.6386106666666667
1744956372.797636,3.1161863333333333
1744956392.9003968,3.8430983333333333
1744956413.176309,3.7239426666666664
1744956433.6125062,4.375337
1744956454.3184023,3.3801493333333337
1744956475.0278027,4.390181
1744956495.4707475,3.636877666666667
1744956515.8386276,4.104238333333334
1744956535.7384539,2.951318333333333
1744956556.2252243,3.414137333333333
1744956576.6729467,3.6497086666666667
1744956596.9719174,2.937378666666667
1744956617.029441,3.8066026666666666
1744956637.887935,3.8171630000000003
1744956658.310106,3.2767173333333335
1744956678.3462403,3.288324
1744956698.9891596,3.7753623333333337
1744956719.4468148,3.4281973333333333
1744956739.7026083,3.4703323333333334
1744956759.967654,3.4922016666666664
1744956780.239256,3.423170666666667
1744956800.7152522,3.336604666666666
1744956820.920181,4.486859333333333
1744956841.3707147,4.396666
1744956861.7191746,3.419767333333333
1744956881.9856803,4.331338
1744956902.4181554,3.555134666666667
1744956922.819002,3.597801333333333
1744956942.897774,3.752685666666667
1744956963.2440062,3.4949293333333333
1744956983.428074,3.4707033333333333
1744957003.8385503,4.055107666666667
1744957024.9700532,3.481745666666667
1744957044.9252973,3.272239666666666
1744957065.2764132,3.9500966666666666
1744957085.7298694,3.9368009999999996
1744957106.3374977,3.2596590000000005
1744957126.8245842,3.385673666666667
1744957146.8195934,5.4499974
1744957167.0041728,2.7626482857142856
1744957187.7362654,2.343797857142857
1744957207.7050138,5.480431545454546
1744957227.8276317,3.0814843636363634
1744957248.3804753,2.7738048461538463
1744957269.1069427,2.9662390769230766
1744957289.3533943,2.570772153846154
1744957310.2964547,2.3679403846153844
1744957331.1490574,2.242558846153846
1744957351.6814969,2.2843585384615386
1744957371.6181014,2.651781230769231
1744957392.1818335,2.3586183076923075
1744957412.830751,2.4342029230769233
1744957433.1101732,2.5171043076923074
1744957453.2341533,2.3109089230769233
1744957473.3478491,2.309920923076923
1744957493.818399,2.496543230769231
1744957514.016934,2.459133076923077
1744957534.1044078,2.4199654615384616
1744957554.857319,2.7470499999999998
1744957575.591442,2.444683846153846
1744957596.1854653,2.4826951538461537
1744957616.385322,2.4749055384615386
1744957636.8706176,2.4269583076923076
1744957657.4265127,2.3730041428571425
1744957678.024994,2.2925677857142857
1744957698.3401635,2.686947071428571
1744957718.912262,2.6382277142857147
1744958053.1904006,2.2964056470588234
1744958073.3632274,2.6971943529411764
1744958093.4195497,2.559302411764706
1744958113.978085,2.4268635882352942
1744958134.696258,2.563980588235294
1744958154.7572548,2.4799648666666667
1744958174.9737926,2.3867892000000004
1744958195.3061616,2.427528533333333
1744958215.317871,2.3933198
1744958235.6806397,2.6532426666666664
1744958256.3456943,2.450469
1744958277.2072663,2.4022732
1744958297.7426307,2.4641049411764704
1744958319.1581533,2.5335517647058823
1744958339.3756776,2.513131647058824
1744958359.2787843,2.4898744117647063
1744958379.345636,2.279492875
1744958399.1982162,2.6610163125
1744958419.1221387,2.3343068125
1744958439.3359694,2.4075279375
1744958459.6782577,2.3294565625
1744958480.5243926,2.4355029375
1744958500.4706779,2.6036183125
1744958520.6024697,2.191393875
1744958540.6086028,2.5258115
1744958560.5001192,2.7035155
1744958580.9566817,2.4145323125
1744958601.641504,2.3676126875
1744958622.0289183,2.598695222222222
1744958642.0626464,2.45216
1744958663.2430766,2.4795635
1744958684.3942163,2.488444555555555
1744958704.6393554,2.5008607368421054
1744958724.7259798,2.3696806500000003
1744958744.9339025,2.4494502999999996
1744958765.7010422,2.5397749000000003
1744958786.5384054,2.365983736842105
1744958806.72918,2.219651894736842
1744958826.7256136,2.4227635000000003
1744958847.378149,2.4984067368421052
1744958868.048279,2.4667994736842105
1744958888.0207267,2.7279345
1744958908.7237172,2.3948587142857143
1744958929.2377996,2.3766800476190477
1744958949.0574834,2.2376716500000002
1744958969.6420438,2.41615585
1744958990.3713524,2.29029375
1744959010.497021,2.270637
1744959030.891548,2.43294975
1744959051.0356493,2.51383195
1744959071.373589,2.1504262
1744959092.127286,2.50670025
1744959112.960948,2.45063245
1744959133.5415313,2.12842625
1744959154.30276,2.2789199499999997
1744959174.341496,2.4292745
1744959194.8426163,2.41352735
1744959215.1583288,2.3373102500000003
1744959235.4920435,2.18827385
1744959255.666791,2.5092862
1744959276.6326668,2.35748115
1744959296.6405902,2.35800035
1744959328.265627,2.49768175
1744959359.5212452,2.26995005
1744959391.1846056,2.24580035
1744959423.5035317,2.6227279
1744959455.5657954,2.36674015
1744959485.7007103,2.4439064999999998
1744959518.1391752,2.5221580500000003
1744959548.9216087,2.20476
1744959580.2884202,2.3252391500000003
1744959610.9985209,2.56265345
1744959642.8077526,2.4133062
1744959673.5110924,2.23686
1744959705.088382,2.3261588
1744959736.1211848,2.5057005
1744959766.388247,2.3650136
1744959797.689814,2.50837355
1744959828.723806,2.3333001500000004
1744959859.4452431,2.1863913
1744959890.0208626,2.2926158
1744959920.2437603,2.2151266
1744959950.563172,2.2857062
1744959980.071883,2.2049247000000003
1744960010.222756,2.4647946000000003
1744960041.4170182,2.58663255
1744960071.6938565,2.27856095
1744960102.0652387,2.3827486999999996
1744960122.754878,2.2468832
1744960143.1637182,2.48352
1744960164.1540833,2.18649655
1744960184.1612778,2.29570455
1744960204.4186406,2.59103245
1744960224.7309177,2.3136077
1744960245.3537884,2.36535805
1744960265.7210097,2.1730346000000003
1744960286.1562226,2.4534162999999998
1744960307.0271084,2.2745507
1744960326.945444,2.310581
1744960347.1825707,2.49357380952381
1744960367.7893226,2.3564674285714284
1744960387.9702673,2.2710779523809523
1744960408.44616,2.5316315714285715
1744960428.6600564,2.304909523809524
1744960448.791235,2.340318
1744960469.9379106,2.466060666666667
1744960490.2871048,2.582668095238095
1744960511.0143423,2.3996592857142858
1744960531.524249,2.441260666666667
1744960551.9376943,2.4771840476190476
1744960571.8296828,2.3641483333333335
1744960591.8097043,2.2158743809523807
1744960611.8884828,2.40610075
1744960632.1340103,2.5136918
1744960653.4338553,2.3684381
1744960673.6146328,2.4600431499999997
1744960693.6610186,2.32940005
1744960714.4721708,2.38999205
1744960735.574262,2.4749174
1744960756.1504114,2.4531199
1744960776.0802052,2.44097475
1744960795.962428,2.21903845
1744960816.400007,2.42585185
1744960837.1583498,2.4298901
1744960857.7566867,2.232055
1744960877.9237301,2.3453385
1744960898.6176283,2.19760575
1744960918.6971009,2.3201285
1744960938.8706415,2.4687482
1744960958.7292721,2.289323947368421
1744960979.7031515,2.23007795
1744961000.6565526,2.33853385
1744961020.6610985,2.4148228
1744961041.4234667,2.3198921500000003
1744961061.4761875,2.35427065
1744961081.960446,2.5603285
1744961102.6014912,2.25645585
1744961123.0244596,2.4169030499999997
1744961143.481671,2.4047229000000003
1744961164.2501323,2.387417
1744961184.2817483,2.3895216666666665
1744961204.3278089,2.378938523809524
1744961224.7523582,2.3625959047619047
1744961245.423081,2.2533485238095237
1744961266.477055,2.2749691904761904
1744961287.3492975,2.508437285714286
1744961307.571501,2.433679619047619
1744961328.3182757,2.180663476190476
1744961348.5461688,2.3366275238095238
1744961368.846068,2.341817619047619
1744961389.3624115,2.2187007142857142
1744961409.5470526,2.330162523809524
1744961429.6453054,2.292610952380952
1744961450.2016659,2.3371970952380954
1744961470.6767287,2.2733834761904763
1744961490.4378932,2.281642380952381
1744961510.6853647,2.3883928095238094
1744961530.9982028,2.3461479047619047
1744961551.6426597,2.4757527
1744961571.8276212,2.3555774
1744961592.443875,2.3827591
1744961612.8278284,2.2592956
1744961632.9119139,2.54449105
1744961653.252939,2.38519865
1744961673.570062,2.34284295
1744961694.014902,2.2378364
1744961714.0875068,2.2441401
1744961734.3836522,2.2571651
1744961754.326299,2.27841165
